DE6000648080700000000000030012351;1668;1669;kg/s;WHS;1027440;8000000;01.01.2015;31.12.2015;63.0;0;0;1.585.069
DE6000648080700000000000030001497;1668;1669;kg/s;WHS;2481390;20000000;01.01.2015;31.12.2015;63.0;0;0;3.846.849
DE6000648080900000000000030010171;2092;2093;kg/s;MFH_O_RW;267690;2100000;01.01.2015;31.12.2015;63.0;0;0;469.543
DE6000648080900000000000030007993;2110;2111;kg/s;WHS;54845500;363650000;01.01.2015;31.12.2015;65.0;0;0;82.980.186
DE6000648080700000000000030013128;2120;2121;kg/s;MFH_O_RW;205220;1200000;01.01.2015;31.12.2015;63.0;0;0;255.068
DE6000648080700000000000030002542;1688;1689;kg/s;MFH_O_RW;361110;3000000;01.01.2015;31.12.2015;63.0;0;0;529.658
DE6000648080700000000000030008866;1690;1691;kg/s;MFH_O_RW;1161310;9000000;01.01.2015;31.12.2015;63.0;0;0;1.470.548
DE6000648080700000000000030000615;1692;1693;kg/s;MFH_O_RW;154480;1300000;01.01.2015;31.12.2015;63.0;0;0;140.548
DE6000648080700000000000030013068;1694;1695;kg/s;MFH_O_RW;295080;1800000;01.01.2015;31.12.2015;63.0;0;0;443.767
DE6000648080700000000000030003863;1698;1699;kg/s;MFH_O_RW;609740;5200000;01.01.2015;31.12.2015;63.0;0;0;1.000.753
DE6000648080700000000000030008103;1714;1715;kg/s;MFH_O_RW;469950;3790000;01.01.2015;31.12.2015;63.0;0;0;593.425
DE6000648080700000000000030007957;1716;1717;kg/s;MFH_O_RW;163870;850000;01.01.2015;31.12.2015;63.0;0;0;143.151
DE6000648080700000000000030008525;1724;1725;kg/s;MFH_O_RW;519430;3500000;01.01.2015;31.12.2015;63.0;0;0;605.137
DE6000648080700000000000030014107;1726;1727;kg/s;MFH_O_RW;245990;1600000;01.01.2015;31.12.2015;63.0;0;0;339.658
DE6000648080700000000000030007520;1730;1731;kg/s;MFH_O_RW;693370;3200000;01.01.2015;31.12.2015;63.0;0;0;874.521
DE6000648080700000000000030001381;1746;1747;kg/s;MFH_O_RW;93600;400000;01.01.2015;31.12.2015;63.0;0;0;62.466
DE6000648080700000000000030005932;1750;1751;kg/s;MFH_O_RW;548840;3000000;01.01.2015;31.12.2015;63.0;0;0;681.918
DE6000648080700000000000030013377;1752;1753;kg/s;MFH_O_RW;351080;2400000;01.01.2015;31.12.2015;63.0;0;0;368.288
DE6000648080700000000000030006934;1754;1755;kg/s;OFH_O_RW;71370;500000;01.01.2015;31.12.2015;63.0;0;0;55.959
DE6000648080700000000000030001042;1756;1757;kg/s;OFH_O_RW;59320;500000;01.01.2015;31.12.2015;63.0;0;0;49.452
DE6000648080700000000000030007247;1764;1765;kg/s;MFH_O_RW;277890;2000000;01.01.2015;31.12.2015;63.0;0;0;464.589
DE6000648093900000000000030006326;1784;1785;kg/s;WHS;320320;2170000;01.01.2015;31.12.2015;63.0;0;0;225.616
DE6000648080700000000000030009717;1790;1791;kg/s;WHS;99430;2000000;01.01.2015;31.12.2015;63.0;0;0;184.795
DE6000648080700000000000030006429;1792;1793;kg/s;WHS;100120;1410000;01.01.2015;31.12.2015;63.0;0;0;104.110
DE6000648080700000000000030000350;1794;1795;kg/s;WHS;158910;1000000;01.01.2015;31.12.2015;63.0;0;0;118.425
DE6000648080700000000000030006526;1808;1809;kg/s;OFH_O_RW;19990;500000;01.01.2015;31.12.2015;63.0;0;0;20.822
DE6000648080700000000000030010822;1810;1811;kg/s;WHS;161770;2700000;01.01.2015;31.12.2015;63.0;0;0;208.219
DE6000648080700000000000030000702;1814;1815;kg/s;WHS;16790;200000;01.01.2015;31.12.2015;63.0;0;0;23.425
DE6000648080700000000000030000026;1844;1845;kg/s;MFH_O_RW;200000;2900000;01.01.2015;31.12.2015;63.0;0;0;124.932
DE6000648080700000000000030007615;1852;1853;kg/s;OFH_O_RW;85270;800000;01.01.2015;31.12.2015;63.0;0;0;49.452
DE6000648080700000000000030005995;1854;1855;kg/s;MFH_O_RW;389060;2200000;01.01.2015;31.12.2015;63.0;0;0;386.507
DE6000648080700000000000030012381;1858;1859;kg/s;MFH_O_RW;238100;2490000;01.01.2015;31.12.2015;63.0;0;0;313.630
DE6000648080700000000000030000013;1994;1995;kg/s;MFH_O_RW;539030;3100000;01.01.2015;31.12.2015;63.0;0;0;717.055
DE6000648080700000000000030008130;1996;1997;kg/s;OFH_O_RW;71440;850000;01.01.2015;31.12.2015;63.0;0;0;37.740
DE6000648080700000000000030006974;1998;1999;kg/s;MFH_O_RW;193950;1350000;01.01.2015;31.12.2015;63.0;0;0;157.466
DE6000648080700000000000091515526;2000;2001;kg/s;MFH_O_RW;222260;1450000;01.01.2015;31.12.2015;63.0;0;0;132.740
DE6000648080700000000000030009424;2002;2003;kg/s;MFH_O_RW;1230150;7500000;01.01.2015;31.12.2015;63.0;0;0;1.268.836
DE6000648080700000000000030008608;2006;2007;kg/s;OFH_O_RW;65940;500000;01.01.2015;31.12.2015;63.0;0;0;46.849
DE6000648080700000000000030003779;2010;2011;kg/s;MFH_O_RW;1134070;6750000;01.01.2015;31.12.2015;63.0;0;0;1.474.452
DE6000648080700000000000030000434;2012;2013;kg/s;MFH_O_RW;209600;850000;01.01.2015;31.12.2015;63.0;0;0;174.384
DE6000648080700000000000030006355;2014;2015;kg/s;MFH_O_RW;448810;4030000;01.01.2015;31.12.2015;63.0;0;0;355.274
DE6000648080700000000000030008106;2018;2019;kg/s;MFH_O_RW;147020;1200000;01.01.2015;31.12.2015;63.0;0;0;240.753
DE6000648080700000000000030007501;2020;2021;kg/s;MFH_O_RW;437160;2300000;01.01.2015;31.12.2015;63.0;0;0;534.863
DE6000648080700000000000030006658;2022;2023;kg/s;MFH_O_RW;242120;2500000;01.01.2015;31.12.2015;63.0;0;0;433.356
DE6000648080700000000000030006993;2024;2025;kg/s;MFH_O_RW;319750;2800000;01.01.2015;31.12.2015;63.0;0;0;193.904
DE6000648080700000000000030009654;1662;1663;kg/s;WHS;1187120;6250000;01.01.2015;31.12.2015;63.0;0;0;972.123
DE6000648080400000000000030007620;1664;1665;kg/s;WHS;333290;2500000;01.01.2015;31.12.2015;63.0;0;0;366.986
DE6000648080400000000000030011374;1666;1667;kg/s;MFH_O_RW;438000;1500000;01.01.2015;31.12.2015;63.0;0;0;580.411
DE6000648093900000000000030011739;2078;2079;kg/s;WHS;758410;9450000;01.01.2015;31.12.2015;63.0;0;0;1.454.794
DE6000648099200000000000030013022;2080;2081;kg/s;WHS;2820420;19000000;01.01.2015;31.12.2015;63.0;0;0;3.436.735
DE6000648093900000000000030006010;2082;2083;kg/s;MFH_O_RW;119100;10000000;01.01.2015;31.12.2015;63.0;0;0;440.137
DE6000648080700000000000030010800;2084;2085;kg/s;MFH_O_RW;809450;4500000;01.01.2015;31.12.2015;63.0;0;0;965.616
DE6000648093900000000000030010567;2086;2087;kg/s;WHS;234880;1500000;01.01.2015;31.12.2015;63.0;0;0;139.315
DE6000648080700000000000030003141;2088;2089;kg/s;MFH_O_RW;637900;7000000;01.01.2015;31.12.2015;63.0;0;0;934.384
DE6000648080900000000000030011800;2090;2091;kg/s;MFH_O_RW;343040;3500000;01.01.2015;31.12.2015;63.0;0;0;406.336
DE6000648080900000000000030013751;2094;2095;kg/s;OFH_O_RW;26730;700000;01.01.2015;31.12.2015;63.0;0;0;56.758
DE6000648080700000000000030009494;2098;2099;kg/s;MFH_O_RW;303390;1300000;01.01.2015;31.12.2015;63.0;0;0;356.575
DE6000648080500000000000030013953;2100;2101;kg/s;MFH_O_RW;730540;4000000;01.01.2015;31.12.2015;63.0;0;0;572.740
DE6000648080900000000000030000030;2104;2105;kg/s;MFH_O_RW;559680;2700000;01.01.2015;31.12.2015;63.0;0;0;2.700.000
DE6000648080900000000000030009327;2106;2107;kg/s;WHS;1817260;6000000;01.01.2015;31.12.2015;63.0;0;0;1.511.826
DE6000648080200000000000030012225;2108;2109;kg/s;MFH_O_RW;121600;1500000;01.01.2015;31.12.2015;63.0;0;0;266.781
DE6000648080900000000000030010930;2112;2113;kg/s;MFH_O_RW;263520;2250000;01.01.2015;31.12.2015;63.0;0;0;283.790
DE6000648080700000000000030006436;2116;2117;kg/s;MFH_O_RW;257880;1750000;01.01.2015;31.12.2015;63.0;0;0;314.932
DE6000648080700000000000030009770;2122;2123;kg/s;MFH_O_RW;242950;1750000;01.01.2015;31.12.2015;63.0;0;0;244.658
DE6000648080700000000000030012900;1672;1673;kg/s;WHS;1988020;9450000;01.01.2015;31.12.2015;63.0;0;0;1.682.671
DE6000648080700000000000030012083;1674;1675;kg/s;WHS;755130;6620000;01.01.2015;31.12.2015;63.0;0;0;922.671
DE6000648080700000000000030013756;1676;1677;kg/s;WHS;3882710;20790000;01.01.2015;31.12.2015;63.0;0;0;5.663.561
DE6000648080700000000000030007417;1678;1679;kg/s;MFH_O_RW;897040;4650000;01.01.2015;31.12.2015;63.0;0;0;583.014
DE6000648080700000000000030011629;1680;1681;kg/s;MFH_O_RW;135730;1200000;01.01.2015;31.12.2015;63.0;0;0;114.521
DE6000648080700000000000030007422;1682;1683;kg/s;MFH_O_RW;180390;1200000;01.01.2015;31.12.2015;63.0;0;0;158.767
DE6000648080700000000000030013828;1684;1685;kg/s;WHS;293690;3000000;01.01.2015;31.12.2015;63.0;0;0;419.041
DE6000648080700000000000030002153;1686;1687;kg/s;WHS;226440;1600000;01.01.2015;31.12.2015;63.0;0;0;1.051.507
DE6000648080700000000000030008151;1700;1701;kg/s;MFH_O_RW;477250;3500000;01.01.2015;31.12.2015;63.0;0;0;342.260
DE6000648080700000000000030013859;1702;1703;kg/s;MFH_O_RW;100970;550000;01.01.2015;31.12.2015;63.0;0;0;158.767
DE6000648080700000000000030004626;1704;1705;kg/s;MFH_O_RW;803130;3500000;01.01.2015;31.12.2015;63.0;0;0;723.562
DE6000648080700000000000030010500;1706;1707;kg/s;MFH_O_RW;133280;1000000;01.01.2015;31.12.2015;63.0;0;0;161.370
DE6000648080700000000000030006515;1708;1709;kg/s;MFH_O_RW;192300;1500000;01.01.2015;31.12.2015;63.0;0;0;459.384
DE6000648080700000000000030012796;1710;1711;kg/s;MFH_O_RW;66960;500000;01.01.2015;31.12.2015;63.0;0;0;97.603
DE6000648080700000000000030005770;1712;1713;kg/s;MFH_O_RW;291170;2000000;01.01.2015;31.12.2015;63.0;0;0;542.671
DE6000648080700000000000030005971;1720;1721;kg/s;MFH_O_RW;583440;2700000;01.01.2015;31.12.2015;63.0;0;0;688.425
DE6000648080700000000000030003965;1722;1723;kg/s;MFH_O_RW;158700;1350000;01.01.2015;31.12.2015;63.0;0;0;282.397
DE6000648080700000000000030008569;1728;1729;kg/s;MFH_O_RW;1116630;6400000;01.01.2015;31.12.2015;63.0;0;0;1.396.370
DE6000648080700000000000030014027;1732;1733;kg/s;MFH_O_RW;838440;6500000;01.01.2015;31.12.2015;63.0;0;0;977.329
DE6000648080700000000000030012159;1734;1735;kg/s;MFH_O_RW;840440;4500000;01.01.2015;31.12.2015;63.0;0;0;1.052.808
DE6000648080700000000000030006397;1736;1737;kg/s;MFH_O_RW;1022730;5200000;01.01.2015;31.12.2015;63.0;0;0;1.175.137
DE6000648080700000000000030003506;1738;1739;kg/s;MFH_O_RW;287540;1700000;01.01.2015;31.12.2015;63.0;0;0;394.315
DE6000648080700000000000030009249;1740;1741;kg/s;WHS;623840;4500000;01.01.2015;31.12.2015;63.0;0;0;861.507
DE6000648080700000000000030004255;1748;1749;kg/s;MFH_O_RW;641030;3900000;01.01.2015;31.12.2015;63.0;0;0;917.466
DE6000648080700000000000030013335;1758;1759;kg/s;MFH_O_RW;352250;4410000;01.01.2015;31.12.2015;63.0;0;0;240.753
DE6000648080700000000000030014050;1760;1761;kg/s;MFH_O_RW;482880;4500000;01.01.2015;31.12.2015;63.0;0;0;377.397
DE6000648080700000000000030011832;1762;1763;kg/s;MFH_O_RW;246010;2800000;01.01.2015;31.12.2015;63.0;0;0;412.534
DE6000648080700000000000030004561;1766;1767;kg/s;MFH_O_RW;282490;3000000;01.01.2015;31.12.2015;63.0;0;0;425.548
DE6000648080400000000000030008855;1768;1769;kg/s;MFH_O_RW;824840;3400000;01.01.2015;31.12.2015;63.0;0;0;558.288
DE6000648080400000000000030006531;1770;1771;kg/s;MFH_O_RW;268220;2300000;01.01.2015;31.12.2015;63.0;0;0;406.027
DE6000648080400000000000030004424;1772;1773;kg/s;WHS;769850;6500000;01.01.2015;31.12.2015;63.0;0;0;1.039.795
DE6000648080400000000000030007350;1774;1775;kg/s;MFH_O_RW;101440;1250000;01.01.2015;31.12.2015;63.0;0;0;131.438
DE6000648080400000000000030011070;1776;1777;kg/s;MFH_O_RW;647590;3000000;01.01.2015;31.12.2015;63.0;0;0;792.534
DE6000648093900000000000030011488;1778;1779;kg/s;WHS;1155650;13000000;01.01.2015;31.12.2015;63.0;0;0;1.573.151
DE6000648093900000000000030012601;1780;1781;kg/s;WHS;0;13000000;01.01.2015;31.12.2015;63.0;0;0;2.727.123
DE6000648093900000000000030011399;1780;1781;kg/s;WHS;0;6000000;01.01.2015;31.12.2015;63.0;0;0;1.112.055
DE6000648093900000000000030009619;1780;1781;kg/s;WHS;0;5500000;01.01.2015;31.12.2015;63.0;0;0;914.795
DE6000648080700000000000030004408;1788;1789;kg/s;WHS;110100;700000;01.01.2015;31.12.2015;63.0;0;0;148.356
DE6000648080700000000000030011950;1796;1797;kg/s;WHS;80340;1080000;01.01.2015;31.12.2015;63.0;0;0;147.055
DE6000648080700000000000030008259;1798;1799;kg/s;WHS;182010;1200000;01.01.2015;31.12.2015;63.0;0;0;163.973
DE6000648080700000000000030013516;1802;1803;kg/s;MFH_O_RW;10;900000;01.01.2015;31.12.2015;63.0;0;0;900.000
DE6000648080700000000000030011701;1804;1805;kg/s;OFH_O_RW;12240;150000;01.01.2015;31.12.2015;63.0;0;0;11.712
DE6000648080700000000000030003569;1806;1807;kg/s;OFH_O_RW;31530;250000;01.01.2015;31.12.2015;63.0;0;0;37.740
DE6000648080700000000000030004955;1812;1813;kg/s;WHS;32480;400000;01.01.2015;31.12.2015;63.0;0;0;57.260
DE6000648080700000000000030006056;1816;1817;kg/s;WHS;962730;8000000;01.01.2015;31.12.2015;63.0;0;0;1.383.356
DE6000648080700000000000030006894;1818;1819;kg/s;MFH_O_RW;563090;6000000;01.01.2015;31.12.2015;63.0;0;0;718.356
DE6000648080700000000000030013416;1820;1821;kg/s;WHS;611680;8000000;01.01.2015;31.12.2015;63.0;0;0;671.507
DE6000648080900000000000030010653;1822;1823;kg/s;MFH_O_RW;99360;900000;01.01.2015;31.12.2015;63.0;0;0;149.635
DE6000648080900000000000030005837;1824;1825;kg/s;MFH_O_RW;187340;1300000;01.01.2015;31.12.2015;63.0;0;0;263.151
DE6000648080900000000000030007581;1826;1827;kg/s;MFH_O_RW;147580;1200000;01.01.2015;31.12.2015;63.0;0;0;220.582
DE6000648080900000000000030011513;1826;1827;kg/s;MFH_O_RW;137930;950000;01.01.2015;31.12.2015;63.0;0;0;192.203
DE6000648080900000000000030007642;1828;1829;kg/s;MFH_O_RW;448000;3500000;01.01.2015;31.12.2015;63.0;0;0;718.505
DE6000648080900000000000030007250;1830;1831;kg/s;MFH_O_RW;173630;2000000;01.01.2015;31.12.2015;63.0;0;0;107.066
DE6000648080900000000000030011155;1832;1833;kg/s;MFH_O_RW;155020;800000;01.01.2015;31.12.2015;63.0;0;0;91.587
DE6000648080900000000000030013729;1834;1835;kg/s;MFH_O_RW;43000;600000;01.01.2015;31.12.2015;63.0;0;0;121.256
DE6000648080900000000000030012680;1836;1837;kg/s;OFH_O_RW;12440;100000;01.01.2015;31.12.2015;63.0;0;0;15.479
DE6000648080900000000000030009101;1838;1839;kg/s;MFH_O_RW;389120;2500000;01.01.2015;31.12.2015;63.0;0;0;475.993
DE6000648080700000000000030008453;1840;1841;kg/s;WHS;145240;1100000;01.01.2015;31.12.2015;63.0;0;0;88.493
DE6000648080700000000000030014083;1842;1843;kg/s;WHS;144020;1600000;01.01.2015;31.12.2015;63.0;0;0;396.918
DE6000648080700000000000030008722;1846;1847;kg/s;MFH_O_RW;237330;1400000;01.01.2015;31.12.2015;63.0;0;0;312.329
DE6000648080700000000000030009308;1848;1849;kg/s;MFH_O_RW;219620;3000000;01.01.2015;31.12.2015;63.0;0;0;377.397
DE6000648080700000000000030013721;1850;1851;kg/s;WHS;526730;3780000;01.01.2015;31.12.2015;63.0;0;0;900.548
DE6000648080500000000000030007863;1860;1861;kg/s;MFH_O_RW;631200;4500000;01.01.2015;31.12.2015;63.0;0;0;873.299
DE6000648080500000000000030012790;1862;1863;kg/s;MFH_O_RW;714600;4000000;01.01.2015;31.12.2015;63.0;0;0;1.006.164
DE6000648080500000000000030010649;1864;1865;kg/s;MFH_O_RW;607100;3800000;01.01.2015;31.12.2015;63.0;0;0;843.630
DE6000648080500000000000030008901;1870;1871;kg/s;MFH_O_RW;480860;4500000;01.01.2015;31.12.2015;63.0;0;0;717.215
DE6000648080500000000000030009753;1872;1873;kg/s;MFH_O_RW;477970;3500000;01.01.2015;31.12.2015;63.0;0;0;614.018
DE6000648080500000000000030012514;1874;1875;kg/s;MFH_O_RW;649000;4800000;01.01.2015;31.12.2015;63.0;0;0;933.927
DE6000648080500000000000030003433;1878;1879;kg/s;MFH_O_RW;583190;3500000;01.01.2015;31.12.2015;63.0;0;0;755.913
DE6000648080500000000000030012585;1880;1881;kg/s;MFH_O_RW;1149370;7100000;01.01.2015;31.12.2015;63.0;0;0;1.486.027
DE6000648080500000000000070081438;1886;1887;kg/s;MFH_O_RW;622700;17500000;01.01.2015;31.12.2015;63.0;0;0;1.940.091
DE6000648080500000000000030010266;1888;1889;kg/s;WHS;1756990;13000000;01.01.2015;31.12.2015;63.0;0;0;2.334.817
DE6000648080500000000000030004185;1890;1891;kg/s;WHS;2436940;16500000;01.01.2015;31.12.2015;63.0;0;0;3.606.712
DE6000648080500000000000030010319;1892;1893;kg/s;MFH_O_RW;468660;3000000;01.01.2015;31.12.2015;63.0;0;0;606.279
DE6000648080500000000000030000439;1896;1897;kg/s;WHS;868970;15000000;01.01.2015;31.12.2015;63.0;0;0;1.769.817
DE6000648080500000000000030010090;1898;1899;kg/s;MFH_O_RW;520860;4000000;01.01.2015;31.12.2015;63.0;0;0;664.326
DE6000648080500000000000030007407;1900;1901;kg/s;MFH_O_RW;913600;4000000;01.01.2015;31.12.2015;63.0;0;0;1.185.468
DE6000648080500000000000030001340;1904;1905;kg/s;MFH_O_RW;242510;3500000;01.01.2015;31.12.2015;63.0;0;0;367.637
DE6000648080500000000000030012903;1906;1907;kg/s;MFH_O_RW;272600;1500000;01.01.2015;31.12.2015;63.0;0;0;328.938
DE6000648080500000000000030008142;1908;1909;kg/s;MFH_O_RW;1665880;9400000;01.01.2015;31.12.2015;63.0;0;0;2.199.372
DE6000648080300000000000030010032;1910;1911;kg/s;MFH_O_RW;160270;1500000;01.01.2015;31.12.2015;63.0;0;0;257.991
DE6000648080300000000000030010381;1912;1913;kg/s;WHS;0;8340000;01.01.2015;31.12.2015;63.0;0;0;2.018.779
DE6000648080500000000000030006442;1914;1915;kg/s;MFH_O_RW;873880;5200000;01.01.2015;31.12.2015;63.0;0;0;1.247.386
DE6000648080500000000000030000021;1916;1917;kg/s;MFH_O_RW;307290;3000000;01.01.2015;31.12.2015;63.0;0;0;478.573
DE6000648080300000000000030000091;1918;1919;kg/s;MFH_O_RW;99010;1000000;01.01.2015;31.12.2015;63.0;0;0;83.847
DE6000648080300000000000030005479;1920;1921;kg/s;MFH_O_RW;160730;2500000;01.01.2015;31.12.2015;63.0;0;0;243.801
DE6000648080300000000000030011315;1922;1923;kg/s;MFH_O_RW;1343350;5420000;01.01.2015;31.12.2015;63.0;0;0;1.845.925
DE6000648080200000000000030006914;1924;1925;kg/s;MFH_O_RW;296520;2000000;01.01.2015;31.12.2015;63.0;0;0;434.658
DE6000648080200000000000030006959;1926;1927;kg/s;MFH_O_RW;127400;1050000;01.01.2015;31.12.2015;63.0;0;0;182.192
DE6000648080200000000000030012996;1928;1929;kg/s;MFH_O_RW;444330;3500000;01.01.2015;31.12.2015;63.0;0;0;300.616
DE6000648080500000000000030010749;1930;1931;kg/s;MFH_O_RW;99360;1100000;01.01.2015;31.12.2015;63.0;0;0;58.048
DE6000648080500000000000030005204;1932;1933;kg/s;OFH_O_RW;0;350000;01.01.2015;31.12.2015;63.0;0;0;12.900
DE6000648080500000000000030003963;1934;1935;kg/s;MFH_O_RW;333020;3200000;01.01.2015;31.12.2015;63.0;0;0;479.863
DE6000648080500000000000030012439;1936;1937;kg/s;MFH_O_RW;148640;1000000;01.01.2015;31.12.2015;63.0;0;0;254.121
DE6000648080400000000000030011768;1938;1939;kg/s;MFH_O_RW;92610;900000;01.01.2015;31.12.2015;63.0;0;0;119.726
DE6000648080500000000000030006621;1940;1941;kg/s;MFH_O_RW;271820;1700000;01.01.2015;31.12.2015;63.0;0;0;168.984
DE6000648080200000000000030000094;1942;1943;kg/s;MFH_O_RW;123860;1300000;01.01.2015;31.12.2015;63.0;0;0;175.685
fehlt;1944;1945;kg/s;MFH_O_RW;0;0.0000;01.01.2015;31.12.2015;63.0;0;0;0.0000
DE6000648080300000000000030011842;1946;1947;kg/s;WHS;365270;3300000;01.01.2015;31.12.2015;63.0;0;0;830.731
DE6000648080200000000000030012859;1950;1951;kg/s;MFH_O_RW;351110;2200000;01.01.2015;31.12.2015;63.0;0;0;415.137
DE6000648080200000000000030008821;1952;1953;kg/s;MFH_O_RW;325640;2170000;01.01.2015;31.12.2015;63.0;0;0;333.151
DE6000648080200000000000030007374;1954;1955;kg/s;MFH_O_RW;79170;700000;01.01.2015;31.12.2015;63.0;0;0;132.740
DE6000648080500000000000030013695;1956;1957;kg/s;MFH_O_RW;252730;1600000;01.01.2015;31.12.2015;63.0;0;0;1.600.000
DE6000648080200000000000030008848;1958;1959;kg/s;MFH_O_RW;435720;3770000;01.01.2015;31.12.2015;63.0;0;0;556.986
DE6000648080200000000000030007686;1962;1963;kg/s;MFH_O_RW;127650;1600000;01.01.2015;31.12.2015;63.0;0;0;191.301
DE6000648080500000000000030011090;1966;1967;kg/s;MFH_O_RW;230980;2400000;01.01.2015;31.12.2015;63.0;0;0;208.973
DE6000648080500000000000030012692;1968;1969;kg/s;MFH_O_RW;295740;2300000;01.01.2015;31.12.2015;63.0;0;0;466.963
DE6000648080500000000000030007621;1970;1971;kg/s;MFH_O_RW;93570;1400000;01.01.2015;31.12.2015;63.0;0;0;122.546
DE6000648080200000000000030007955;1972;1973;kg/s;CRI;1919140;10000000;01.01.2015;31.12.2015;63.0;0;0;2.472.603
DE6000648080200000000000030012053;1974;1975;kg/s;MFH_O_RW;250810;2140000;01.01.2015;31.12.2015;63.0;0;0;122.329
DE6000648080900000000000030012786;1976;1977;kg/s;CRI;55300;600000;01.01.2015;31.12.2015;63.0;0;0;27.089
DE6000648080900000000000030007473;1978;1979;kg/s;MFH_O_RW;739790;5200000;01.01.2015;31.12.2015;63.0;0;0;1.554.395
DE6000648080900000000000030009605;1980;1981;kg/s;MFH_O_RW;101140;900000;01.01.2015;31.12.2015;63.0;0;0;116.096
DE6000648080900000000000030010413;1982;1983;kg/s;MFH_O_RW;960820;5700000;01.01.2015;31.12.2015;63.0;0;0;1.687.260
DE6000648080700000000000030012266;1984;1985;kg/s;MFH_O_RW;416390;1800000;01.01.2015;31.12.2015;63.0;0;0;590.822
DE6000648080700000000000030012544;1986;1987;kg/s;MFH_O_RW;310870;3570000;01.01.2015;31.12.2015;63.0;0;0;507.534
DE6000648080700000000000030012503;1990;1991;kg/s;MFH_O_RW;366630;2300000;01.01.2015;31.12.2015;63.0;0;0;510.137
DE6000648080700000000000030008874;1992;1993;kg/s;MFH_O_RW;302060;1900000;01.01.2015;31.12.2015;63.0;0;0;279.795
DE6000648080700000000000030009263;2004;2005;kg/s;MFH_O_RW;188330;1080000;01.01.2015;31.12.2015;63.0;0;0;257.671
DE6000648080900000000000030008753;2026;2027;kg/s;WHS;267950;2170000;01.01.2015;31.12.2015;63.0;0;0;322.489
DE6000648093700000000000030010267;2032;2033;kg/s;MFH_O_RW;4953340;28350000;01.01.2015;31.12.2015;63.0;0;0;5.832.568
DE6000648093700000000000030007137;2034;2035;kg/s;WHS;1218710;10000000;01.01.2015;31.12.2015;63.0;0;0;1.858.870
DE6000648093700000000000030013451;2036;2037;kg/s;MFH_O_RW;0;2000000;01.01.2015;31.12.2015;63.0;0;0;210.342
DE6000648093700000000000030013282;2038;2039;kg/s;WHS;0;20000000;01.01.2015;31.12.2015;63.0;0;0;2.591.267
DE6000648093900000000000030003718;2044;2045;kg/s;WHS;329540;1800000;01.01.2015;31.12.2015;63.0;0;0;376.027
DE6000648093900000000000030011211;2046;2047;kg/s;WHS;281230;2540000;01.01.2015;31.12.2015;63.0;0;0;385.890
DE6000648099200000000000030006382;2048;2049;kg/s;WHS;2662750;15000000;01.01.2015;31.12.2015;63.0;0;0;3.607.203
DE6000648099200000000000030013305;2050;2051;kg/s;WHS;949050;6000000;01.01.2015;31.12.2015;63.0;0;0;1.000.411
DE6000648099200000000000030003147;2052;2053;kg/s;WHS;1410730;15700000;01.01.2015;31.12.2015;63.0;0;0;2.035.662
DE6000648099200000000000030009369;2054;2055;kg/s;WHS;1232210;22000000;01.01.2015;31.12.2015;63.0;0;0;2.554.532
DE6000648099300000000000030012739;2056;2057;kg/s;WHS;58110;3480000;01.01.2015;31.12.2015;63.0;0;0;465.365
DE6000648080700000000000030013642;2060;2061;kg/s;MFH_O_RW;57940;400000;01.01.2015;31.12.2015;63.0;0;0;57.260
DE6000648080700000000000030007399;2062;2063;kg/s;WHS;54320;350000;01.01.2015;31.12.2015;63.0;0;0;49.452
DE6000648080700000000000030012304;2064;2065;kg/s;WHS;167190;1000000;01.01.2015;31.12.2015;63.0;0;0;231.644
DE6000648080700000000000030006003;2066;2067;kg/s;WHS;863930;9000000;01.01.2015;31.12.2015;63.0;0;0;1.365.137
DE6000648080700000000000030011416;2068;2069;kg/s;WHS;82750;3000000;01.01.2015;31.12.2015;63.0;0;0;88.493
DE6000648080700000000000030012775;2070;2071;kg/s;WHS;69540;2500000;01.01.2015;31.12.2015;63.0;0;0;72.877
DE6000648080700000000000030003932;2072;2073;kg/s;WHS;121530;2000000;01.01.2015;31.12.2015;63.0;0;0;154.863
DE6000648080700000000000030007308;2074;2075;kg/s;WHS;576820;8500000;01.01.2015;31.12.2015;63.0;0;0;1.008.562
DE6000648080700000000000030004906;2076;2077;kg/s;WHS;121890;2000000;01.01.2015;31.12.2015;63.0;0;0;149.658
DE6000648093700000000000030010122;3732;3733;kg/s;WHS;492130;6000000;01.01.2015;31.12.2015;63.0;0;0;779.281
DE6000648093700000000000030010024;3734;3735;kg/s;WHS;265340;2900000;01.01.2015;31.12.2015;63.0;0;0;173.596
DE6000648093700000000000030014115;3199;3200;kg/s;WHS;0;270000000;01.01.2015;31.12.2015;63.0;0;0;32.140.581
DE6000648093900000000000030014039;3292;3294;kg/s;WHS;81680;3200000;01.01.2015;31.12.2015;63.0;0;0;157.808
DE6000648080900000000000030010478;2096;2097;kg/s;MFH_O_RW;70270;1000000;01.01.2015;31.12.2015;63.0;0;0;89.007
DE6000648080900000000000030011480;2114;2115;kg/s;WHS;0;761630000;01.01.2015;31.12.2015;75.0;0;0;145.999.619
DE6000648099200000000000030012451;3513;3512;kg/s;WHS;3062770;26000000;01.01.2015;31.12.2015;63.0;0;0;3.136.861
DE6000648099200000000000030011490;2130;2131;kg/s;MFH_O_RW;1129940;10000000;01.01.2015;31.12.2015;63.0;0;0;10.000.000
DE6000648099200000000000030013378;3737;3736;kg/s;WHS;1427530;11900000;01.01.2015;31.12.2015;63.0;0;0;1.552.877
DE6000648099200000000000030000125;3836;3839;kg/s;WHS;2284960;25800000;01.01.2015;31.12.2015;63.0;0;0;4.316.450
DE6000648099200000000000030005555;3835;3837;kg/s;WHS;1441080;22000000;01.01.2015;31.12.2015;63.0;0;0;1.956.027
DE6000648099200000000000030013596;3739;3738;kg/s;WHS;632690;6400000;01.01.2015;31.12.2015;63.0;0;0;987.968
DE6000648099200000000000030006023;913;914;kg/s;WHS;265550;1800000;01.01.2015;31.12.2015;63.0;0;0;141.849
DE6000648080700000000000030010221;1744;1745;kg/s;OFH_O_RW;53500;500000;01.01.2015;31.12.2015;63.0;0;0;36.438
DE6000648080700000000000030011887;1742;1743;kg/s;MFH_O_RW;376340;1700000;01.01.2015;31.12.2015;63.0;0;0;476.301
DE6000648080700000000000030008000;2128;2129;kg/s;MFH_O_RW;284930;1500000;01.01.2015;31.12.2015;63.0;0;0;269.384
noch ohne;2124;2125;kg/s;MFH_O_RW;0;2200000;01.01.2015;31.12.2015;63.0;0;0;2.200.000
DE6000648080700000000000030008339;2126;2127;kg/s;MFH_O_RW;428740;2000000;01.01.2015;31.12.2015;63.0;0;0;2.000.000
DE6000648080700000000000030012568;3742;3743;kg/s;MFH_O_RW;740710;6000000;01.01.2015;31.12.2015;63.0;0;0;707.945
DE6000648080700000000000030007791;1800;1801;kg/s;WHS;319330;3500000;01.01.2015;31.12.2015;63.0;0;0;399.521
DE6000648080700000000000030010236;3741;3740;kg/s;WHS;786230;7000000;01.01.2015;31.12.2015;63.0;0;0;823.767
DE6000648080700000000000030010924;3482;3481;kg/s;MFH_O_RW;602890;4000000;01.01.2015;31.12.2015;63.0;0;0;823.767
DE6000648080700000000000030005476;3756;3755;kg/s;WHS;6470;2000000;01.01.2015;31.12.2015;63.0;0;0;27.329
DE6000648080500000000000030001142;1866;1867;kg/s;MFH_O_RW;492580;3750000;01.01.2015;31.12.2015;63.0;0;0;666.906
DE6000648080500000000000030011065;1882;1883;kg/s;MFH_O_RW;484680;3500000;01.01.2015;31.12.2015;63.0;0;0;648.847
DE6000648099200000000000030012357;3770;3771;kg/s;MFH_O_RW;3464330;30000000;01.01.2015;31.12.2015;63.0;0;0;4.254.235
DE6000648099200000000000030000022;3772;3773;kg/s;MFH_O_RW;702620;6550000;01.01.2015;31.12.2015;63.0;0;0;991.701
DE6000648099200000000000030011276;3776;3777;kg/s;MFH_O_RW;828610;6500000;01.01.2015;31.12.2015;63.0;0;0;831.187
DE6000648099200000000000030005087;3782;3783;kg/s;MFH_O_RW;598160;6550000;01.01.2015;31.12.2015;63.0;0;0;594.772
DE6000648099200000000000030005728;3780;3781;kg/s;MFH_O_RW;531560;6550000;01.01.2015;31.12.2015;63.0;0;0;1.024.053
DE6000648080500000000000030012016;3787;3786;kg/s;MFH_O_RW;357120;3000000;01.01.2015;31.12.2015;63.0;0;0;322.489
DE6000648080700000000000030004921;3790;3791;kg/s;MFH_O_RW;362130;3500000;01.01.2015;31.12.2015;63.0;0;0;448.973
DE6000648080500000000000030012342;3792;3793;kg/s;MFH_O_RW;0;0.0000;01.01.2015;31.12.2015;63.0;0;0;0.0000
DE6000648080200000000000030013657;3795;3794;kg/s;MFH_O_RW;468630;5000000;01.01.2015;31.12.2015;63.0;0;0;609.041
DE6000648080500000000000030003477;3798;3799;kg/s;MFH_O_RW;183560;1000000;01.01.2015;31.12.2015;63.0;0;0;221.872
DE6000648080700000000000030000137;2429;2430;kg/s;MFH_O_RW;590280;6300000;01.01.2015;31.12.2015;63.0;0;0;1.002.055
DE6000648080700000000000030012109;2429;2430;kg/s;MFH_O_RW;392580;4050000;01.01.2015;31.12.2015;63.0;0;0;523.151
DE6000648080700000000000030009590;2429;2430;kg/s;MFH_O_RW;787210;5900000;01.01.2015;31.12.2015;63.0;0;0;961.712
DE6000648080700000000000030010068;8134;8133;kg/s;MFH_O_RW;323560;1700000;01.01.2015;31.12.2015;63.0;0;0;378.699
DE6000648080700000000000030013929;1233;1234;kg/s;WHS;443180;8500000;01.01.2015;31.12.2015;63.0;0;0;679.315
DE6000648093700000000000030000247;3732;3733;kg/s;WHS;326130;3180000;01.01.2015;31.12.2015;63.0;0;0;352.260
DE6000648080400000000000030006354;4089;4091;kg/s;MFH_O_RW;265810;1500000;01.01.2015;31.12.2015;63.0;0;0;389.110
DE6000648080200000000000030006673;3800;3801;kg/s;WHS;80960;2770000;01.01.2015;31.12.2015;63.0;0;0;100.205
DE6000648080500000000000030009713;3802;3803;kg/s;MFH_O_RW;2902300;17000000;01.01.2015;31.12.2015;63.0;0;0;3.459.658
DE6000648080500000000000030004566;1902;1903;kg/s;MFH_O_RW;1097570;7000000;01.01.2015;31.12.2015;63.0;0;0;1.443.459
DE6000648099200000000000070079161;2054;2055;kg/s;WHS;0;0.0000;01.01.2015;31.12.2015;63.0;0;0;685.605
DE6000648080700000000000030008494;1756;1757;kg/s;MFH_O_RW;143240;900000;01.01.2015;31.12.2015;63.0;0;0;219.932
DE6000648080900000000000030007575;3804;3805;kg/s;MFH_O_RW;139960;1600000;01.01.2015;31.12.2015;63.0;0;0;117.386
DE6000648093900000000000030004463;3840;3843;kg/s;WHS;2959460;14980000;01.01.2015;31.12.2015;63.0;0;0;2.487.945
DE6000648093900000000000030008618;3874;3875;kg/s;WHS;198660;1900000;01.01.2015;31.12.2015;63.0;0;0;199.726
DE6000648093900000000000030006250;3874;3875;kg/s;MFH_O_RW;925410;16540000;01.01.2015;31.12.2015;63.0;0;0;1.435.069
DE6000648093700000000000030012827;2040;2041;kg/s;WHS;0;18900000;01.01.2015;31.12.2015;63.0;0;0;3.855.856
;3807;3806;kg/s;MFH_O_RW;0;0.0000;01.01.2015;31.12.2015;63.0;0;0;0.0000
DE6000648080900000000000030052621;3813;3812;kg/s;LDG;1959840;8000000;01.01.2015;31.12.2015;63.0;0;0;2.438.014
DE6000648080500000000000030009139;3763;3762;kg/s;MFH_O_RW;723420;8000000;01.01.2015;31.12.2015;63.0;0;0;1.867.854
DE6000648093700000000000030008175;3209;3210;kg/s;WHS;1162990;6260000;01.01.2015;31.12.2015;63.0;0;0;1.300.069
DE6000648080900000000000030006796;3821;3820;kg/s;MFH_O_RW;762340;4800000;01.01.2015;31.12.2015;63.0;0;0;1.050.023
DE6000648099200000000000030012674;3824;3825;kg/s;MFH_O_RW;605070;4000000;01.01.2015;31.12.2015;63.0;0;0;721.690
DE6000648093900000000000030013867;3841;3844;kg/s;WHS;1732010;28350000;01.01.2015;31.12.2015;63.0;0;0;2.494.110
DE6000648080700000000000030012311;3852;3853;kg/s;MFH_O_RW;398120;2600000;01.01.2015;31.12.2015;63.0;0;0;508.836
DE6000648080700000000000030008194;3854;3855;kg/s;MFH_O_RW;320310;2800000;01.01.2015;31.12.2015;63.0;0;0;299.315
DE6000648093900000000000030004373;3858;3859;kg/s;WHS;287870;6000000;01.01.2015;31.12.2015;63.0;0;0;360.000
DE6000648093900000000000030000708;3860;3861;kg/s;WHS;186460;1420000;01.01.2015;31.12.2015;63.0;0;0;172.603
DE6000648093900000000000030012418;3868;3869;kg/s;WHS;546440;6500000;01.01.2015;31.12.2015;63.0;0;0;728.630
DE6000648099200000000000030000502;4085;4087;kg/s;WHS;910280;16000000;01.01.2015;31.12.2015;63.0;0;0;968.059
DE6000648099200000000000030008486;8101;8103;kg/s;WHS;1916140;20000000;01.01.2015;31.12.2015;63.0;0;0;2.046.861
DE6000648093900000000000030012296;3930;3931;kg/s;WHS;4546600;40000000;01.01.2015;31.12.2015;75.0;0;0;6.149.589
DE6000648093900000000000030013978;3930;3931;kg/s;WHS;12417500;60000000;01.01.2015;31.12.2015;75.0;0;0;8.884.109
;7423;7424;kg/s;MFH_O_RW;0;95000000;01.01.2015;31.12.2015;55.0;0;0;95.000.000
DE6000648080900000000000030068147;3888;3889;kg/s;MFH_O_RW;1046560;9000000;01.01.2015;31.12.2015;63.0;0;0;9.000.000
DE6000648080700000000000030001341;3894;3895;kg/s;MFH_O_RW;428820;2600000;01.01.2015;31.12.2015;63.0;0;0;481.507
DE6000648093500000000000030005628;2028;2029;kg/s;WHS;2467640;30000000;01.01.2015;31.12.2015;63.0;0;0;3.074.646
DE6000648093700000000000070081768;3896;3897;kg/s;WHS;179010;2800000;01.01.2015;31.12.2015;63.0;0;0;140.651
DE6000648080400000000000030008714;3899;3898;kg/s;CRI;416350;4000000;01.01.2015;31.12.2015;63.0;0;0;536.164
DE6000648080700000000000030006989;3902;3903;kg/s;WHS;405070;4000000;01.01.2015;31.12.2015;63.0;0;0;602.534
DE6000648080700000000000030011579;3906;3907;kg/s;MFH_O_RW;171910;2000000;01.01.2015;31.12.2015;63.0;0;0;150.959
DE6000648080300000000000030012622;3913;3912;kg/s;MFH_O_RW;152860;1200000;01.01.2015;31.12.2015;63.0;0;0;179.304
noch ohne;3919;3921;kg/s;MFH_O_RW;0;1000000;01.01.2015;31.12.2015;63.0;0;0;1.000.000
DE6000648080900000000000030010473;3924;3925;kg/s;MFH_O_RW;1364270;22500000;01.01.2015;31.12.2015;63.0;0;0;1.702.740
DE6000648080200000000000030006501;3934;3935;kg/s;MFH_O_RW;277780;1700000;01.01.2015;31.12.2015;63.0;0;0;365.685
DE6000648093700000000000030010122;3724;3725;kg/s;WHS;492130;6000000;01.01.2015;31.12.2015;63.0;0;0;779.281
DE6000648093700000000000030007891;3936;3937;kg/s;WHS;322470;1900000;01.01.2015;31.12.2015;63.0;0;0;290.171
DE6000648093900000000000030011692;3938;3939;kg/s;WHS;1893250;18000000;01.01.2015;31.12.2015;63.0;0;0;1.653.288
DE6000648080700000000000030007793;3942;3943;kg/s;MFH_O_RW;191530;1500000;01.01.2015;31.12.2015;63.0;0;0;214.726
DE6000648080700000000000030013298;3940;3941;kg/s;MFH_O_RW;188270;1400000;01.01.2015;31.12.2015;63.0;0;0;255.068
DE6000648080700000000000030009207;3947;3946;kg/s;MFH_O_RW;96960;800000;01.01.2015;31.12.2015;63.0;0;0;141.849
DE6000648080700000000000030011046;3951;3950;kg/s;WHS;4779760;39950000;01.01.2015;31.12.2015;63.0;0;0;4.690.137
DE6000648080700000000000030006892;3954;3955;kg/s;MFH_O_RW;245670;4050000;01.01.2015;31.12.2015;63.0;0;0;204.315
DE6000648080700000000000030011332;3956;3957;kg/s;MFH_O_RW;334860;3300000;01.01.2015;31.12.2015;63.0;0;0;409.931
DE6000648093500000000000030007383;3964;3965;kg/s;WHS;233270;1000000;01.01.2015;31.12.2015;63.0;0;0;329.737
DE6000648080900000000000030010848;3967;3968;kg/s;MFH_O_RW;242360;2000000;01.01.2015;31.12.2015;63.0;0;0;318.619
DE6000648080700000000000030001382;3969;3970;kg/s;MFH_O_RW;94620;800000;01.01.2015;31.12.2015;63.0;0;0;121.027
DE6000648093900000000000030000173;3974;3973;kg/s;MFH_O_RW;50620;1500000;01.01.2015;31.12.2015;63.0;0;0;141.781
DE6000648080500000000000030007799;3977;3978;kg/s;MFH_O_RW;112270;1600000;01.01.2015;31.12.2015;63.0;0;0;103.196
DE6000648093900000000000030009399;2042;2043;kg/s;WHS;217050;3500000;01.01.2015;31.12.2015;60.0;0;0;135.616
DE6000648080700000000000030013146;3982;3981;kg/s;MFH_O_RW;505800;5500000;01.01.2015;31.12.2015;63.0;0;0;495.822
DE6000648080500000000000030002297;3983;3984;kg/s;MFH_O_RW;477970;9000000;01.01.2015;31.12.2015;63.0;0;0;554.680
DE6000648099200000000000030065126;3985;3986;kg/s;WHS;2158800;30000000;01.01.2015;31.12.2015;63.0;0;0;2.799.658
DE6000648099200000000000060052036;3997;3989;kg/s;MFH_O_RW;312280;3300000;01.01.2015;31.12.2015;70.0;0;0;277.477
DE6000648080900000000000030010311;4004;4005;kg/s;MFH_O_RW;278930;1500000;01.01.2015;31.12.2015;63.0;0;0;330.228
DE6000648093900000000000030069521;4041;4042;kg/s;MFH_O_RW;64780;1250000;01.01.2015;31.12.2015;63.0;0;0;194.795
DE6000648093700000000000030010857;4065;4066;kg/s;WHS;105740;1900000;01.01.2015;31.12.2015;63.0;0;0;125.445
DE6000648099200000000000070077276;4077;4076;kg/s;MFH_O_RW;466960;5000000;01.01.2015;31.12.2015;63.0;0;0;735.377
DE6000648093900000000000030007529;1782;1783;kg/s;WHS;0;35000000;01.01.2015;31.12.2015;63.0;0;0;9.433.973
DE6000648080400000000000030005989;1964;1965;kg/s;MFH_O_RW;60140;800000;01.01.2015;31.12.2015;63.0;0;0;84.589
DE6000648080700000000000030001201;4099;4097;kg/s;MFH_O_RW;390100;2800000;01.01.2015;31.12.2015;63.0;0;0;503.630
DE6000648080500000000000030007625;4100;4101;kg/s;MFH_O_RW;348210;5000000;01.01.2015;31.12.2015;63.0;0;0;472.123
DE6000648080900000000000030008833;4107;4106;kg/s;WHS;1621780;15000000;01.01.2015;31.12.2015;63.0;0;0;1.697.580
DE6000648080700000000000080211145;4152;4153;kg/s;MFH_O_RW;99530;1000000;01.01.2015;31.12.2015;63.0;0;0;161.370
DE6000648080900000000000060056741;4158;4159;kg/s;MFH_O_RW;246260;2990000;01.01.2015;31.12.2015;63.0;0;0;221.872
;4163;4162;kg/s;MFH_O_RW;0;8000000;01.01.2015;31.12.2015;63.0;0;0;8.000.000
DE6000648093900000000000070072068;4167;4166;kg/s;WHS;339520;5500000;01.01.2015;31.12.2015;63.0;0;0;210.822
DE6000648099200000000000091516925;4168;4169;kg/s;MFH_O_RW;1463640;14900000;01.01.2015;31.12.2015;63.0;0;0;14.900.000
DE6000648080700000000000070072066;4171;4172;kg/s;MFH_O_RW;336150;1800000;01.01.2015;31.12.2015;63.0;0;0;391.712
DE6000648080700000000000060057006;4173;4174;kg/s;WHS;136800;5000000;01.01.2015;31.12.2015;60.0;0;0;23.425
DE6000648080500000000000030006458;4358;4359;kg/s;MFH_O_RW;277070;1500000;01.01.2015;31.12.2015;60.0;0;0;322.489
DE6000648080500000000000030007188;4360;4361;kg/s;OFH_O_RW;36560;250000;01.01.2015;31.12.2015;60.0;0;0;36.119
DE6000648080500000000000030012039;4336;4337;kg/s;WHS;1262830;10000000;01.01.2015;31.12.2015;60.0;0;0;1.572.454
DE6000648080500000000000030006077;4338;4339;kg/s;MFH_O_RW;93090;1000000;01.01.2015;31.12.2015;60.0;0;0;72.237
DE6000648080700000000000030011788;4340;4341;kg/s;MFH_O_RW;0;1400000;01.01.2015;31.12.2015;60.0;0;0;154.863
DE6000648080700000000000030012249;4342;4343;kg/s;MFH_O_RW;0;0.0000;01.01.2015;31.12.2015;60.0;0;0;0.0000
DE6000648080500000000000030007438;4346;4347;kg/s;MFH_O_RW;1431500;9100000;01.01.2015;31.12.2015;60.0;0;0;1.883.333
DE6000648080500000000000030007725;4348;4349;kg/s;MFH_O_RW;601760;4200000;01.01.2015;31.12.2015;60.0;0;0;1.025.514
DE6000648080500000000000030007569;4350;4351;kg/s;MFH_O_RW;1001290;5400000;01.01.2015;31.12.2015;60.0;0;0;1.244.806
DE6000648080500000000000030013235;4352;4353;kg/s;MFH_O_RW;971000;6700000;01.01.2015;31.12.2015;60.0;0;0;1.363.482
DE6000648080500000000000030010186;4354;4355;kg/s;WHS;1595730;16300000;01.01.2015;31.12.2015;60.0;0;0;2.374.806
DE6000648080500000000000030009955;4356;4357;kg/s;MFH_O_RW;224060;1900000;01.01.2015;31.12.2015;60.0;0;0;375.377
DE6000648080500000000000030012781;4362;4363;kg/s;MFH_O_RW;402810;3250000;01.01.2015;31.12.2015;60.0;0;0;380.537
DE6000648080500000000000030003186;4364;4365;kg/s;MFH_O_RW;746100;12600000;01.01.2015;31.12.2015;60.0;0;0;3.726.678
DE6000648080500000000000030013073;4368;4369;kg/s;MFH_O_RW;1756970;13540000;01.01.2015;31.12.2015;60.0;0;0;2.270.320
DE6000648080500000000000030009141;4366;4367;kg/s;MFH_O_RW;580840;17330000;01.01.2015;31.12.2015;60.0;0;0;3.673.790
DE6000648080500000000000030005753;4370;4371;kg/s;MFH_O_RW;1710910;12000000;01.01.2015;31.12.2015;60.0;0;0;2.703.744
DE6000648080700000000000030013730;4575;4574;kg/s;WHS;986220;6500000;01.01.2015;31.12.2015;60.0;0;0;1.077.534
DE6000648080700000000000030012251;4436;4437;kg/s;WHS;1042480;9000000;01.01.2015;31.12.2015;60.0;0;0;1.175.137
DE6000648080500000000000030011884;4580;4581;kg/s;OFH_O_RW;49450;300000;01.01.2015;31.12.2015;60.0;0;0;39.989
DE6000648080700000000000030006240;4584;4585;kg/s;WHS;946160;10800000;01.01.2015;31.12.2015;60.0;0;0;1.267.534
;4396;4273;kg/s;MFH_O_RW;0;2000000;01.01.2015;31.12.2015;55.0;0;0;2.000.000
;4183;4184;kg/s;MFH_O_RW;0;2300000;01.01.2015;31.12.2015;55.0;0;0;2.300.000
DE6000648080700000000000030068654;4604;4605;kg/s;MFH_O_RW;391000;1800000;01.01.2015;31.12.2015;55.0;0;0;1.800.000
noch ohne;4611;4617;kg/s;MFH_O_RW;0;3500000;01.01.2015;31.12.2015;55.0;0;0;3.500.000
noch ohne;4609;4619;kg/s;MFH_O_RW;0;2500000;01.01.2015;31.12.2015;55.0;0;0;2.500.000
noch ohne;4610;4618;kg/s;MFH_O_RW;0;2400000;01.01.2015;31.12.2015;55.0;0;0;2.400.000
noch ohne;4608;4615;kg/s;MFH_O_RW;0;2000000;01.01.2015;31.12.2015;55.0;0;0;2.000.000
noch ohne;4607;4613;kg/s;MFH_O_RW;0;3100000;01.01.2015;31.12.2015;55.0;0;0;3.100.000
noch ohne;4606;4614;kg/s;MFH_O_RW;0;1100000;01.01.2015;31.12.2015;55.0;0;0;1.100.000
DE6000648080700000000000080213947;4603;4599;kg/s;MFH_O_RW;148980;1500000;01.01.2015;31.12.2015;55.0;0;0;180.890
DE6000648080700000000000030014088;4275;4403;kg/s;MFH_O_RW;975100;5500000;01.01.2015;31.12.2015;55.0;0;0;831.575
DE6000648080700000000000070076160;4655;4654;kg/s;WHS;896770;14000000;01.01.2015;31.12.2015;55.0;0;0;1.370.342
DE6000648080700000000000030009220;4413;4412;kg/s;MFH_O_RW;498130;4500000;01.01.2015;31.12.2015;55.0;0;0;607.740
DE6000648080700000000000030010866;4662;4663;kg/s;WHS;567810;5600000;01.01.2015;31.12.2015;55.0;0;0;588.219
DE6000648080700000000000030010302;5012;5011;kg/s;MFH_O_RW;262650;1800000;01.01.2015;31.12.2015;60.0;0;0;292.808
DE6000648080700000000000030011171;4865;4866;kg/s;MFH_O_RW;141680;1500000;01.01.2015;31.12.2015;60.0;0;0;201.712
DE6000648080700000000000030013785;4851;4852;kg/s;MFH_O_RW;170860;1500000;01.01.2015;31.12.2015;60.0;0;0;196.507
DE6000648080700000000000030011687;4863;4864;kg/s;MFH_O_RW;149440;1500000;01.01.2015;31.12.2015;60.0;0;0;236.849
DE6000648080700000000000030006767;4857;4858;kg/s;MFH_O_RW;489570;2500000;01.01.2015;31.12.2015;60.0;0;0;588.219
DE6000648080700000000000030011622;4972;4973;kg/s;MFH_O_RW;406030;2200000;01.01.2015;31.12.2015;60.0;0;0;529.658
DE6000648080700000000000030000314;4853;4854;kg/s;CRI;38330;250000;01.01.2015;31.12.2015;60.0;0;0;57.260
DE6000648080700000000000030000052;4855;4856;kg/s;MFH_O_RW;656560;2800000;01.01.2015;31.12.2015;60.0;0;0;923.973
DE6000648080700000000000030004107;4845;4846;kg/s;MFH_O_RW;391750;3000000;01.01.2015;31.12.2015;60.0;0;0;551.781
DE6000648080700000000000030006948;4915;4914;kg/s;WHS;504750;4500000;01.01.2015;31.12.2015;60.0;0;0;616.849
DE6000648080700000000000030008172;4869;4870;kg/s;WHS;572790;4500000;01.01.2015;31.12.2015;60.0;0;0;736.575
DE6000648080700000000000030006701;5051;5050;kg/s;MFH_O_RW;515150;6000000;01.01.2015;31.12.2015;60.0;0;0;498.425
DE6000648080700000000000030007243;4867;4868;kg/s;MFH_O_RW;325400;1800000;01.01.2015;31.12.2015;60.0;0;0;461.986
DE6000648080700000000000030009951;4873;4874;kg/s;MFH_O_RW;7311340;54500000;01.01.2015;31.12.2015;60.0;0;0;10.093.425
DE6000648080700000000000030012513;4849;4850;kg/s;MFH_O_RW;559740;11800000;01.01.2015;31.12.2015;60.0;0;0;1.227.192
noch ohne;4888;4889;kg/s;MFH_O_RW;0;19000000;01.01.2015;31.12.2015;60.0;0;0;19.000.000
DE6000648080700000000000030012665;4932;4933;kg/s;MFH_O_RW;335760;1950000;01.01.2015;31.12.2015;60.0;0;0;455.479
DE6000648080700000000000030000012;4875;4876;kg/s;OFH_O_RW;31940;300000;01.01.2015;31.12.2015;60.0;0;0;36.438
fehlt;4847;4848;kg/s;MFH_O_RW;0;0.0000;01.01.2015;31.12.2015;60.0;0;0;0.0000
DE6000648080700000000000030007054;5057;5056;kg/s;MFH_O_RW;579060;3100000;01.01.2015;31.12.2015;60.0;0;0;766.507
DE6000648080700000000000030001286;4861;4862;kg/s;WHS;454390;4600000;01.01.2015;31.12.2015;60.0;0;0;1.492.671
DE6000648080700000000000030012475;4859;4860;kg/s;MFH_O_RW;748130;8500000;01.01.2015;31.12.2015;60.0;0;0;1.007.260
DE6000648080700000000000030004188;5060;5061;kg/s;MFH_O_RW;288950;2700000;01.01.2015;31.12.2015;60.0;0;0;366.986
DE6000648080700000000000030009410;4942;4943;kg/s;MFH_O_RW;167830;1600000;01.01.2015;31.12.2015;60.0;0;0;283.699
DE6000648080700000000000030014068;4952;4953;kg/s;MFH_O_RW;394970;2100000;01.01.2015;31.12.2015;60.0;0;0;533.562
DE6000648080700000000000030012475;4890;4891;kg/s;MFH_O_RW;748130;8000000;01.01.2015;31.12.2015;60.0;0;0;1.007.260
DE6000648080700000000000030007514;4910;4911;kg/s;MFH_O_RW;749510;8000000;01.01.2015;31.12.2015;60.0;0;0;731.370
DE6000648080700000000000030006053;4955;4954;kg/s;MFH_O_RW;717080;6200000;01.01.2015;31.12.2015;60.0;0;0;985.137
DE6000648080700000000000030008301;4892;4893;kg/s;MFH_O_RW;704930;8000000;01.01.2015;31.12.2015;60.0;0;0;1.095.753
DE6000648080700000000000030009176;5070;5071;kg/s;MFH_O_RW;632730;8000000;01.01.2015;31.12.2015;60.0;0;0;983.836
DE6000648080700000000000030012003;4670;5078;kg/s;MFH_O_RW;525810;10000000;01.01.2015;31.12.2015;60.0;0;0;596.027
DE6000648080700000000000030014052;5077;5076;kg/s;WHS;799570;22000000;01.01.2015;31.12.2015;60.0;0;0;1.716.507
DE6000648080700000000000030010948;5081;5079;kg/s;MFH_O_RW;221760;1350000;01.01.2015;31.12.2015;60.0;0;0;85.890
DE6000648080700000000000070075652;5116;5115;kg/s;MFH_O_RW;208750;3200000;01.01.2015;31.12.2015;60.0;0;0;330.548
DE6000648080700000000000030056182;5108;5107;kg/s;MFH_O_RW;154240;2400000;01.01.2015;31.12.2015;60.0;0;0;195.205
;3408;3407;kg/s;MFH_O_RW;0;0.0000;01.01.2015;31.12.2015;60.0;0;0;0.0000
DE6000648080400000000000030011330;5816;5817;kg/s;WHS;574500;4000000;01.01.2015;31.12.2015;60.0;0;0;765.205
DE6000648080300000000000030013062;5820;5821;kg/s;MFH_O_RW;67500;900000;01.01.2015;31.12.2015;60.0;0;0;89.007
DE6000648080400000000000030006449;6016;6017;kg/s;MFH_O_RW;278230;2300000;01.01.2015;31.12.2015;60.0;0;0;464.589
DE6000648080400000000000030012445;6018;6019;kg/s;MFH_O_RW;207180;1700000;01.01.2015;31.12.2015;60.0;0;0;360.479
DE6000648080400000000000030006005;6020;6021;kg/s;MFH_O_RW;261300;2300000;01.01.2015;31.12.2015;60.0;0;0;413.836
DE6000648080400000000000030010438;6022;6023;kg/s;MFH_O_RW;289700;3500000;01.01.2015;31.12.2015;65.0;0;0;333.151
DE6000648080400000000000030006772;6024;6025;kg/s;MFH_O_RW;859360;5000000;01.01.2015;31.12.2015;60.0;0;0;1.385.959
DE6000648079600000000000030012642;6026;6027;kg/s;MFH_O_RW;434690;3000000;01.01.2015;31.12.2015;60.0;0;0;509.532
DE6000648080700000000000030012737;5822;5823;kg/s;MFH_O_RW;462780;2700000;01.01.2015;31.12.2015;60.0;0;0;688.425
DE6000648080700000000000030001801;5824;5825;kg/s;MFH_O_RW;319190;2800000;01.01.2015;31.12.2015;60.0;0;0;455.479
DE6000648080700000000000030010291;5826;5827;kg/s;MFH_O_RW;148190;1400000;01.01.2015;31.12.2015;60.0;0;0;141.849
DE6000648080700000000000030014074;5828;5829;kg/s;WHS;842790;6000000;01.01.2015;31.12.2015;60.0;0;0;1.056.712
DE6000648080400000000000030013461;5830;5831;kg/s;MFH_O_RW;2105140;12600000;01.01.2015;31.12.2015;65.0;0;0;2.696.438
DE6000648080400000000000030010336;5832;5833;kg/s;WHS;0;9000000;01.01.2015;31.12.2015;60.0;0;0;735.274
DE6000648080400000000000030011453;5834;5835;kg/s;MFH_O_RW;1347840;10000000;01.01.2015;31.12.2015;60.0;0;0;1.751.644
DE6000648080400000000000030009712;5836;5837;kg/s;MFH_O_RW;557560;3500000;01.01.2015;31.12.2015;65.0;0;0;714.452
DE6000648080400000000000030007344;5838;5839;kg/s;MFH_O_RW;165740;1750000;01.01.2015;31.12.2015;60.0;0;0;262.877
DE6000648080400000000000030009355;5840;5841;kg/s;MFH_O_RW;350000;1700000;01.01.2015;31.12.2015;60.0;0;0;183.493
DE6000648080400000000000030006579;5842;5843;kg/s;WHS;711290;5800000;01.01.2015;31.12.2015;60.0;0;0;970.822
DE6000648080400000000000030000063;5846;5847;kg/s;WHS;2631070;20000000;01.01.2015;31.12.2015;60.0;0;0;4.155.274
DE6000648080400000000000030010520;5848;5849;kg/s;MFH_O_RW;1617320;10000000;01.01.2015;31.12.2015;60.0;0;0;2.222.740
DE6000648080400000000000030003142;5850;5851;kg/s;MFH_O_RW;345920;3600000;01.01.2015;31.12.2015;60.0;0;0;546.575
DE6000648080400000000000030004428;5852;5853;kg/s;MFH_O_RW;398590;4000000;01.01.2015;31.12.2015;60.0;0;0;566.096
DE6000648080400000000000091517926;5856;5857;kg/s;MFH_O_RW;661080;3700000;01.01.2015;31.12.2015;60.0;0;0;3.700.000
DE6000648080400000000000030014094;5858;5859;kg/s;MFH_O_RW;149150;1800000;01.01.2015;31.12.2015;65.0;0;0;178.288
DE6000648080400000000000030004810;5860;5861;kg/s;MFH_O_RW;433580;4200000;01.01.2015;31.12.2015;65.0;0;0;594.726
DE6000648080400000000000030007267;5866;5867;kg/s;MFH_O_RW;1061260;10000000;01.01.2015;31.12.2015;60.0;0;0;1.326.096
DE6000648080400000000000030006905;5868;5869;kg/s;MFH_O_RW;85190;900000;01.01.2015;31.12.2015;60.0;0;0;126.233
DE6000648080400000000000030008379;5870;5871;kg/s;MFH_O_RW;447630;4600000;01.01.2015;31.12.2015;60.0;0;0;619.452
DE6000648080400000000000030005385;5872;5873;kg/s;MFH_O_RW;196250;1800000;01.01.2015;31.12.2015;60.0;0;0;286.301
DE6000648080400000000000030007380;5876;5877;kg/s;MFH_O_RW;382300;2200000;01.01.2015;31.12.2015;60.0;0;0;546.575
noch ohne;7722;6155;kg/s;MFH_O_RW;0;3500000;01.01.2015;31.12.2015;60.0;0;0;3.500.000
DE6000648080400000000000030013255;5878;5879;kg/s;MFH_O_RW;756680;3604700;01.01.2015;31.12.2015;65.0;0;0;1.034.589
DE6000648080400000000000030010144;5880;5881;kg/s;MFH_O_RW;774270;3604700;01.01.2015;31.12.2015;65.0;0;0;979.931
DE6000648080400000000000030003366;5884;5885;kg/s;MFH_O_RW;223220;2910000;01.01.2015;31.12.2015;65.0;0;0;265.479
DE6000648080400000000000030013684;5886;5887;kg/s;MFH_O_RW;410730;2880000;01.01.2015;31.12.2015;65.0;0;0;556.986
DE6000648080400000000000030008784;5888;5889;kg/s;MFH_O_RW;227720;1500000;01.01.2015;31.12.2015;60.0;0;0;342.260
DE6000648080400000000000030010358;5890;5891;kg/s;MFH_O_RW;442270;2000000;01.01.2015;31.12.2015;60.0;0;0;585.616
DE6000648080400000000000030010745;5892;5893;kg/s;MFH_O_RW;384900;2000000;01.01.2015;31.12.2015;60.0;0;0;541.370
DE6000648080400000000000030005809;5894;5895;kg/s;MFH_O_RW;655320;3604700;01.01.2015;31.12.2015;65.0;0;0;1.029.384
DE6000648080400000000000030011965;5896;5897;kg/s;MFH_O_RW;925860;6500000;01.01.2015;31.12.2015;60.0;0;0;1.393.767
DE6000648080400000000000030012619;5898;5899;kg/s;MFH_O_RW;1010660;6500000;01.01.2015;31.12.2015;65.0;0;0;1.499.178
DE6000648080400000000000030006652;5900;5901;kg/s;MFH_O_RW;199990;1800000;01.01.2015;31.12.2015;60.0;0;0;252.466
DE6000648080400000000000030006994;5902;5903;kg/s;WHS;1649720;10300000;01.01.2015;31.12.2015;65.0;0;0;1.993.699
DE6000648079600000000000030006951;5904;5905;kg/s;WHS;790190;6800000;01.01.2015;31.12.2015;60.0;0;0;1.615.023
DE6000648080300000000000030008802;5906;5907;kg/s;MFH_O_RW;217580;3000000;01.01.2015;31.12.2015;60.0;0;0;158.664
DE6000648080300000000000030004311;5908;5909;kg/s;MFH_O_RW;738650;7500000;01.01.2015;31.12.2015;60.0;0;0;1.053.893
DE6000648080400000000000030006368;5910;5911;kg/s;MFH_O_RW;220880;2320000;01.01.2015;31.12.2015;65.0;0;0;204.315
DE6000648080400000000000030013834;5912;5913;kg/s;MFH_O_RW;197020;1300000;01.01.2015;31.12.2015;65.0;0;0;243.356
DE6000648080400000000000030005502;5914;5915;kg/s;MFH_O_RW;719360;4650000;01.01.2015;31.12.2015;60.0;0;0;977.329
DE6000648080400000000000030013331;5916;5917;kg/s;MFH_O_RW;1206050;7900000;01.01.2015;31.12.2015;60.0;0;0;1.565.548
DE6000648080300000000000030005901;5918;5919;kg/s;MFH_O_RW;113040;950000;01.01.2015;31.12.2015;60.0;0;0;234.772
DE6000648080300000000000030011441;5920;5921;kg/s;MFH_O_RW;142600;1400000;01.01.2015;31.12.2015;60.0;0;0;308.299
DE6000648080300000000000030008098;5922;5923;kg/s;MFH_O_RW;291710;2300000;01.01.2015;31.12.2015;60.0;0;0;236.062
DE6000648079600000000000030009912;5926;5927;kg/s;MFH_O_RW;293090;4000000;01.01.2015;31.12.2015;60.0;0;0;274.760
DE6000648079600000000000030005389;5928;5929;kg/s;MFH_O_RW;85000;1600000;01.01.2015;31.12.2015;60.0;0;0;94.167
DE6000648080300000000000030004426;5932;5933;kg/s;MFH_O_RW;295130;5000000;01.01.2015;31.12.2015;60.0;0;0;446.324
DE6000648080300000000000030008286;5934;5935;kg/s;MFH_O_RW;246770;2000000;01.01.2015;31.12.2015;60.0;0;0;300.559
DE6000648080300000000000030007208;5936;5937;kg/s;MFH_O_RW;331510;2600000;01.01.2015;31.12.2015;60.0;0;0;212.842
DE6000648080300000000000030010230;5938;5939;kg/s;MFH_O_RW;310010;2600000;01.01.2015;31.12.2015;65.0;0;0;216.712
DE6000648080300000000000030011414;5940;5941;kg/s;MFH_O_RW;313460;2600000;01.01.2015;31.12.2015;65.0;0;0;242.511
DE6000648080300000000000030006435;5942;5943;kg/s;MFH_O_RW;175580;1300000;01.01.2015;31.12.2015;60.0;0;0;154.795
DE6000648080300000000000030010247;5944;5945;kg/s;MFH_O_RW;123480;800000;01.01.2015;31.12.2015;60.0;0;0;187.043
DE6000648080300000000000030009774;5946;5947;kg/s;MFH_O_RW;275360;2500000;01.01.2015;31.12.2015;60.0;0;0;361.187
DE6000648080400000000000030007499;5948;5949;kg/s;MFH_O_RW;792570;9300000;01.01.2015;31.12.2015;65.0;0;0;1.050.205
DE6000648080400000000000030009462;5952;5953;kg/s;MFH_O_RW;85150;1400000;01.01.2015;31.12.2015;60.0;0;0;113.219
DE6000648080400000000000030012732;5954;5955;kg/s;MFH_O_RW;111370;1020000;01.01.2015;31.12.2015;60.0;0;0;156.164
DE6000648080400000000000030009579;5956;5957;kg/s;MFH_O_RW;74550;650000;01.01.2015;31.12.2015;60.0;0;0;65.068
DE6000648080400000000000030011604;5958;5959;kg/s;MFH_O_RW;356120;3200000;01.01.2015;31.12.2015;60.0;0;0;562.192
DE6000648080400000000000030009140;5960;5961;kg/s;MFH_O_RW;295220;2300000;01.01.2015;31.12.2015;60.0;0;0;2.300.000
DE6000648080400000000000030013625;5962;5963;kg/s;MFH_O_RW;0;1850000;01.01.2015;31.12.2015;65.0;0;0;106.712
DE6000648080400000000000030008671;5966;5967;kg/s;MFH_O_RW;446700;3800000;01.01.2015;31.12.2015;65.0;0;0;651.986
DE6000648080400000000000030014163;5968;5969;kg/s;MFH_O_RW;1030360;6750000;01.01.2015;31.12.2015;60.0;0;0;1.199.863
DE6000648080400000000000030000075;5970;5971;kg/s;MFH_O_RW;207700;3200000;01.01.2015;31.12.2015;65.0;0;0;173.082
DE6000648080400000000000030007325;5972;5973;kg/s;MFH_O_RW;109170;980000;01.01.2015;31.12.2015;65.0;0;0;251.164
DE6000648080400000000000030013425;5974;5975;kg/s;MFH_O_RW;288990;3650000;01.01.2015;31.12.2015;60.0;0;0;3.650.000
DE6000648080300000000000030010671;5976;5977;kg/s;MFH_O_RW;336150;2300000;01.01.2015;31.12.2015;60.0;0;0;274.760
DE6000648080400000000000030007909;5978;5979;kg/s;MFH_O_RW;101580;1100000;01.01.2015;31.12.2015;60.0;0;0;118.425
DE6000648080400000000000030006883;5980;5981;kg/s;MFH_O_RW;605040;4500000;01.01.2015;31.12.2015;60.0;0;0;706.644
DE6000648080400000000000030006282;5982;5983;kg/s;MFH_O_RW;85500;800000;01.01.2015;31.12.2015;60.0;0;0;134.041
DE6000648080400000000000030012437;5984;5985;kg/s;MFH_O_RW;251880;1600000;01.01.2015;31.12.2015;60.0;0;0;275.890
DE6000648080400000000000030006842;5990;5991;kg/s;MFH_O_RW;49220;700000;01.01.2015;31.12.2015;60.0;0;0;106.712
DE6000648080400000000000030012391;5992;5993;kg/s;MFH_O_RW;113160;1100000;01.01.2015;31.12.2015;60.0;0;0;166.575
DE6000648080400000000000030010837;5994;5995;kg/s;MFH_O_RW;356430;2400000;01.01.2015;31.12.2015;60.0;0;0;464.589
DE6000648080400000000000030011499;5996;5997;kg/s;MFH_O_RW;85750;1630000;01.01.2015;31.12.2015;65.0;0;0;58.562
DE6000648080400000000000030011521;5998;5999;kg/s;OFH_O_RW;77010;700000;01.01.2015;31.12.2015;60.0;0;0;36.438
DE6000648079600000000000030001558;6000;6001;kg/s;MFH_O_RW;933010;5700000;01.01.2015;31.12.2015;60.0;0;0;1.056.473
DE6000648079600000000000030007933;6002;6003;kg/s;MFH_O_RW;808030;8100000;01.01.2015;31.12.2015;65.0;0;0;1.128.710
DE6000648079600000000000030012845;6004;6005;kg/s;MFH_O_RW;672870;4800000;01.01.2015;31.12.2015;60.0;0;0;922.317
DE6000648080400000000000030010102;6006;6007;kg/s;MFH_O_RW;529840;3700000;01.01.2015;31.12.2015;60.0;0;0;779.521
DE6000648080400000000000030010116;6008;6009;kg/s;MFH_O_RW;589990;4700000;01.01.2015;31.12.2015;60.0;0;0;939.589
DE6000648080400000000000030003732;6010;6011;kg/s;MFH_O_RW;344230;2600000;01.01.2015;31.12.2015;60.0;0;0;530.959
DE6000648080400000000000030002183;6012;6013;kg/s;MFH_O_RW;293020;2300000;01.01.2015;31.12.2015;65.0;0;0;486.712
DE6000648080400000000000030010002;6117;6118;kg/s;MFH_O_RW;704640;5000000;01.01.2015;31.12.2015;60.0;0;0;855.000
DE6000648080400000000000030006030;5864;5865;kg/s;MFH_O_RW;337820;3700000;01.01.2015;31.12.2015;60.0;0;0;520.548
DE6000648080400000000000030009368;5854;5855;kg/s;MFH_O_RW;416730;4500000;01.01.2015;31.12.2015;60.0;0;0;606.438
DE6000648080400000000000030003621;5844;5845;kg/s;MFH_O_RW;474630;3020000;01.01.2015;31.12.2015;60.0;0;0;317.534
DE6000648080400000000000030010702;6395;6394;kg/s;MFH_O_RW;245980;2000000;01.01.2015;31.12.2015;60.0;0;0;452.877
DE6000648080400000000000030008813;6191;6190;kg/s;MFH_O_RW;606100;4800000;01.01.2015;31.12.2015;65.0;0;0;1.192.055
DE6000648080400000000000030005388;5882;5883;kg/s;MFH_O_RW;226000;3000000;01.01.2015;31.12.2015;65.0;0;0;373.493
DE6000648080400000000000030010989;6400;6401;kg/s;MFH_O_RW;602870;6800000;01.01.2015;31.12.2015;60.0;0;0;852.397
DE6000648080400000000000030009629;6404;6405;kg/s;MFH_O_RW;214650;2200000;01.01.2015;31.12.2015;60.0;0;0;339.658
DE6000648080400000000000030012723;6407;6406;kg/s;MFH_O_RW;441710;3200000;01.01.2015;31.12.2015;60.0;0;0;687.123
DE6000648080400000000000030005081;5874;5875;kg/s;LDG;15592540;95700000;01.01.2015;31.12.2015;60.0;0;0;21.870.823
DE6000648080400000000000080215854;6014;6015;kg/s;MFH_O_RW;83690;0.0000;01.01.2015;31.12.2015;60.0;0;0;0.0000
fehlt;5793;5807;kg/s;MFH_O_RW;0;0.0000;01.01.2015;31.12.2015;60.0;0;0;0.0000
fehlt;5783;5784;kg/s;MFH_O_RW;0;0.0000;01.01.2015;31.12.2015;60.0;0;0;0.0000
DE6000648080400000000000030006903;6318;6317;kg/s;MFH_O_RW;131440;850000;01.01.2015;31.12.2015;60.0;0;0;167.877
DE6000648080400000000000030008350;5964;5965;kg/s;MFH_O_RW;513190;3800000;01.01.2015;31.12.2015;60.0;0;0;793.836
DE6000648080400000000000030006468;5950;5951;kg/s;MFH_O_RW;413400;2650000;01.01.2015;31.12.2015;60.0;0;0;510.137
noch ohne;6414;6415;kg/s;MFH_O_RW;0;800000;01.01.2015;31.12.2015;60.0;0;0;800.000
DE6000648080300000000000030003057;5539;5540;kg/s;MFH_O_RW;392380;4000000;01.01.2015;31.12.2015;60.0;0;0;637.237
DE6000648080300000000000030007509;5924;5925;kg/s;MFH_O_RW;297650;1800000;01.01.2015;31.12.2015;60.0;0;0;448.904
DE6000648079600000000000030005539;6417;6416;kg/s;MFH_O_RW;437900;1800000;01.01.2015;31.12.2015;60.0;0;0;296.689
DE6000648080400000000000030008236;5858;5859;kg/s;MFH_O_RW;774910;5400000;01.01.2015;31.12.2015;65.0;0;0;969.521
DE6000648080300000000000030003057;5539;5540;kg/s;MFH_O_RW;392380;0.0000;01.01.2015;31.12.2015;65.0;0;0;637.237
DE6000648080400000000000030012828;5988;5989;kg/s;MFH_O_RW;162270;1200000;01.01.2015;31.12.2015;60.0;0;0;238.151
DE6000648080300000000000030008242;6411;6410;kg/s;MFH_O_RW;341700;3000000;01.01.2015;31.12.2015;60.0;0;0;398.596
DE6000648079600000000000030005409;6423;6422;kg/s;MFH_O_RW;447370;5000000;01.01.2015;31.12.2015;60.0;0;0;334.098
DE6000648080300000000000030011827;6433;6432;kg/s;MFH_O_RW;121710;900000;01.01.2015;31.12.2015;60.0;0;0;64.498
DE6000648080300000000000030002991;6431;6430;kg/s;MFH_O_RW;147110;1500000;01.01.2015;31.12.2015;60.0;0;0;210.263
DE6000648080300000000000030008629;6435;6434;kg/s;MFH_O_RW;344880;2600000;01.01.2015;31.12.2015;60.0;0;0;265.731
DE6000648079600000000000030000351;6448;6449;kg/s;MFH_O_RW;267950;2300000;01.01.2015;31.12.2015;60.0;0;0;371.507
DE6000648080400000000000030008733;6450;6451;kg/s;MFH_O_RW;299240;2100000;01.01.2015;31.12.2015;60.0;0;0;199.110
DE6000648080700000000000030008910;6453;6452;kg/s;WHS;0;7600000;01.01.2015;31.12.2015;60.0;0;0;1.007.260
DE6000648079600000000000030009818;6456;6457;kg/s;MFH_O_RW;197040;2500000;01.01.2015;31.12.2015;60.0;0;0;239.932
DE6000648080400000000000030010298;6463;6465;kg/s;WHS;98050;1500000;01.01.2015;31.12.2015;60.0;0;0;88.493
DE6000648080400000000000030013222;6467;6466;kg/s;MFH_O_RW;358730;2300000;01.01.2015;31.12.2015;60.0;0;0;508.836
DE6000648080400000000000060066782;6473;6472;kg/s;MFH_O_RW;419970;3000000;01.01.2015;31.12.2015;60.0;0;0;3.000.000
noch ohne;6477;6476;kg/s;MFH_O_RW;0;2850000;01.01.2015;31.12.2015;60.0;0;0;2.850.000
DE6000648079600000000000030069393;6481;6480;kg/s;MFH_O_RW;108500;1000000;01.01.2015;31.12.2015;60.0;0;0;1.000.000
DE6000648080400000000000030004920;6482;6483;kg/s;MFH_O_RW;63780;1200000;01.01.2015;31.12.2015;60.0;0;0;83.288
DE6000648079600000000000080206939;6487;6486;kg/s;MFH_O_RW;174000;1200000;01.01.2015;31.12.2015;60.0;0;0;225.742
DE6000648079600000000000091507696;6492;6493;kg/s;MFH_O_RW;241780;2000000;01.01.2015;31.12.2015;60.0;0;0;304.429
DE6000648080400000000000091503149;6500;6501;kg/s;WHS;501120;3800000;01.01.2015;31.12.2015;60.0;0;0;662.397
DE6000648079600000000000060053035;6503;6502;kg/s;MFH_O_RW;180670;1400000;01.01.2015;31.12.2015;60.0;0;0;223.162
DE6000648080400000000000091510320;6508;6509;kg/s;MFH_O_RW;178280;1800000;01.01.2015;31.12.2015;60.0;0;0;271.986
DE6000648080400000000000030007629;5303;5619;kg/s;WHS;3756600;20000000;01.01.2015;31.12.2015;60.0;0;0;5.582.877
DE6000648080400000000000030010929;5986;5987;kg/s;MFH_O_RW;229300;1600000;01.01.2015;31.12.2015;60.0;0;0;343.562
DE6000648093700000000000030010343;6803;6804;kg/s;MFH_O_RW;725170;5500000;01.01.2015;31.12.2015;60.0;0;0;975.685
DE6000648093700000000000030011285;6805;6806;kg/s;MFH_O_RW;889080;6000000;01.01.2015;31.12.2015;60.0;0;0;1.111.267
DE6000648093700000000000030005208;6807;6808;kg/s;MFH_O_RW;0;0.0000;01.01.2015;31.12.2015;65.0;0;0;0.0000
DE6000648093700000000000030000177;6809;6810;kg/s;MFH_O_RW;0;0.0000;01.01.2015;31.12.2015;65.0;0;0;0.0000
DE6000648093700000000000030010864;6811;6812;kg/s;MFH_O_RW;0;0.0000;01.01.2015;31.12.2015;65.0;0;0;0.0000
DE6000648093700000000000030012899;6813;6814;kg/s;MFH_O_RW;0;0.0000;01.01.2015;31.12.2015;65.0;0;0;0.0000
DE6000648093700000000000030011894;6815;6816;kg/s;OFH_O_RW;5270;111000;01.01.2015;31.12.2015;65.0;0;0;16.473
DE6000648093700000000000030009456;6817;6818;kg/s;OFH_O_RW;23720;111000;01.01.2015;31.12.2015;65.0;0;0;16.473
DE6000648093700000000000030011766;6819;6820;kg/s;MFH_O_RW;0;0.0000;01.01.2015;31.12.2015;65.0;0;0;0.0000
DE6000648093700000000000030000018;6821;6822;kg/s;MFH_O_RW;0;0.0000;01.01.2015;31.12.2015;65.0;0;0;0.0000
DE6000648093700000000000030008279;6823;6824;kg/s;MFH_O_RW;0;0.0000;01.01.2015;31.12.2015;65.0;0;0;0.0000
DE6000648093700000000000030004592;6825;6826;kg/s;MFH_O_RW;0;0.0000;01.01.2015;31.12.2015;65.0;0;0;0.0000
DE6000648093700000000000030009429;6827;6828;kg/s;MFH_O_RW;0;0.0000;01.01.2015;31.12.2015;65.0;0;0;0.0000
DE6000648093700000000000030010300;6829;6830;kg/s;MFH_O_RW;0;0.0000;01.01.2015;31.12.2015;65.0;0;0;0.0000
DE6000648093700000000000030012683;6831;6832;kg/s;OFH_O_RW;0;111000;01.01.2015;31.12.2015;65.0;0;0;22.808
DE6000648093700000000000030011625;6833;6834;kg/s;OFH_O_RW;0;111000;01.01.2015;31.12.2015;65.0;0;0;13.938
DE6000648093700000000000030011022;6835;6836;kg/s;MFH_O_RW;0;111000;01.01.2015;31.12.2015;65.0;0;0;111.000
DE6000648093700000000000030007414;6837;6838;kg/s;OFH_O_RW;0;111000;01.01.2015;31.12.2015;65.0;0;0;0.1267
DE6000648093700000000000030001523;6839;6840;kg/s;OFH_O_RW;7920;111000;01.01.2015;31.12.2015;65.0;0;0;15.205
DE6000648093700000000000030010896;6841;6842;kg/s;OFH_O_RW;5470;111000;01.01.2015;31.12.2015;65.0;0;0;20.274
DE6000648093700000000000030006111;6843;6844;kg/s;OFH_O_RW;0;111000;01.01.2015;31.12.2015;65.0;0;0;10.137
DE6000648093700000000000030010572;6845;6846;kg/s;OFH_O_RW;0;111000;01.01.2015;31.12.2015;65.0;0;0;15.205
DE6000648093700000000000030005844;6847;6848;kg/s;OFH_O_RW;18810;111000;01.01.2015;31.12.2015;60.0;0;0;12.671
DE6000648093700000000000030005867;6849;6850;kg/s;OFH_O_RW;15500;111000;01.01.2015;31.12.2015;65.0;0;0;12.671
DE6000648093700000000000030008315;6851;6852;kg/s;OFH_O_RW;19910;111000;01.01.2015;31.12.2015;65.0;0;0;12.671
DE6000648093700000000000030013110;6853;6854;kg/s;OFH_O_RW;19330;111000;01.01.2015;31.12.2015;65.0;0;0;13.938
DE6000648093700000000000030007199;6855;6856;kg/s;OFH_O_RW;10730;111000;01.01.2015;31.12.2015;65.0;0;0;16.473
DE6000648093700000000000030006137;6857;6858;kg/s;OFH_O_RW;25540;111000;01.01.2015;31.12.2015;65.0;0;0;19.007
DE6000648093700000000000030012228;6859;6860;kg/s;OFH_O_RW;6560;111000;01.01.2015;31.12.2015;65.0;0;0;19.007
DE6000648093700000000000030009325;6861;6862;kg/s;OFH_O_RW;18680;111000;01.01.2015;31.12.2015;65.0;0;0;11.404
DE6000648093700000000000030010005;6863;6864;kg/s;OFH_O_RW;20840;111000;01.01.2015;31.12.2015;65.0;0;0;15.205
DE6000648093700000000000030003271;6865;6866;kg/s;OFH_O_RW;27040;111000;01.01.2015;31.12.2015;65.0;0;0;19.007
DE6000648093700000000000030012569;6867;6868;kg/s;MFH_O_RW;254650;1224000;01.01.2015;31.12.2015;65.0;0;0;211.610
DE6000648093700000000000030006361;6869;6870;kg/s;MFH_O_RW;146450;1209000;01.01.2015;31.12.2015;65.0;0;0;174.863
DE6000648093700000000000030005841;6871;6872;kg/s;MFH_O_RW;160960;1209000;01.01.2015;31.12.2015;65.0;0;0;196.404
DE6000648093700000000000030012047;6873;6874;kg/s;MFH_O_RW;244380;1209000;01.01.2015;31.12.2015;65.0;0;0;179.932
DE6000648093700000000000030011078;6875;6876;kg/s;MFH_O_RW;244180;1224000;01.01.2015;31.12.2015;65.0;0;0;193.870
DE6000648093700000000000030010803;6877;6878;kg/s;MFH_O_RW;269620;1224000;01.01.2015;31.12.2015;65.0;0;0;211.610
DE6000648093700000000000030012085;6879;6880;kg/s;MFH_O_RW;276100;1224000;01.01.2015;31.12.2015;65.0;0;0;211.610
DE6000648093700000000000030006660;6881;6882;kg/s;MFH_O_RW;311380;1224000;01.01.2015;31.12.2015;65.0;0;0;212.877
DE6000648093700000000000030008742;6883;6884;kg/s;MFH_O_RW;234420;1224000;01.01.2015;31.12.2015;65.0;0;0;200.205
DE6000648093700000000000030005983;6885;6886;kg/s;MFH_O_RW;253150;1224000;01.01.2015;31.12.2015;65.0;0;0;205.274
DE6000648093700000000000030004041;6887;6888;kg/s;MFH_O_RW;264970;1224000;01.01.2015;31.12.2015;65.0;0;0;185.000
DE6000648093700000000000030006735;6889;6890;kg/s;MFH_O_RW;271390;1209000;01.01.2015;31.12.2015;60.0;0;0;191.336
DE6000648093700000000000030010798;6891;6892;kg/s;MFH_O_RW;162500;1224000;01.01.2015;31.12.2015;60.0;0;0;185.000
DE6000648093700000000000030005405;6893;6894;kg/s;MFH_O_RW;67580;417000;01.01.2015;31.12.2015;60.0;0;0;60.822
DE6000648093700000000000030007368;6895;6896;kg/s;MFH_O_RW;68450;377000;01.01.2015;31.12.2015;60.0;0;0;59.555
DE6000648093700000000000030008270;6897;6898;kg/s;MFH_O_RW;278560;1224000;01.01.2015;31.12.2015;60.0;0;0;193.870
DE6000648093700000000000030010717;6899;6900;kg/s;MFH_O_RW;267670;1209000;01.01.2015;31.12.2015;60.0;0;0;200.205
DE6000648093700000000000030009194;6901;6902;kg/s;MFH_O_RW;258750;1209000;01.01.2015;31.12.2015;60.0;0;0;193.870
DE6000648093700000000000030010365;6903;6904;kg/s;MFH_O_RW;241910;1224000;01.01.2015;31.12.2015;60.0;0;0;204.007
DE6000648093700000000000030009839;6905;6906;kg/s;MFH_O_RW;94810;460000;01.01.2015;31.12.2015;60.0;0;0;63.356
DE6000648093700000000000030010240;6907;6908;kg/s;MFH_O_RW;85320;460000;01.01.2015;31.12.2015;60.0;0;0;68.425
DE6000648093700000000000030002733;6909;6910;kg/s;MFH_O_RW;276720;1209000;01.01.2015;31.12.2015;60.0;0;0;188.801
DE6000648093700000000000030011198;6911;6912;kg/s;MFH_O_RW;272990;1224000;01.01.2015;31.12.2015;60.0;0;0;198.938
DE6000648093500000000000030005640;6915;6916;kg/s;MFH_O_RW;974130;6800000;01.01.2015;31.12.2015;60.0;0;0;1.256.735
DE6000648093700000000000030011825;7110;7111;kg/s;MFH_O_RW;612630;4500000;01.01.2015;31.12.2015;60.0;0;0;826.164
DE6000648093700000000000030013669;7119;7118;kg/s;MFH_O_RW;962930;4000000;01.01.2015;31.12.2015;60.0;0;0;1.262.055
DE6000648093700000000000030006236;7120;7121;kg/s;OFH_O_RW;49310;300000;01.01.2015;31.12.2015;60.0;0;0;30.411
DE6000648093700000000000030006646;7122;7123;kg/s;MFH_O_RW;363130;2500000;01.01.2015;31.12.2015;60.0;0;0;480.240
DE6000648093700000000000030006876;7124;7125;kg/s;MFH_O_RW;301060;1500000;01.01.2015;31.12.2015;60.0;0;0;395.342
DE6000648093700000000000030011040;6913;6914;kg/s;MFH_O_RW;869940;5700000;01.01.2015;31.12.2015;60.0;0;0;1.035.240
DE6000648093700000000000030003934;6917;6918;kg/s;MFH_O_RW;272620;1224000;01.01.2015;31.12.2015;60.0;0;0;183.733
DE6000648093700000000000030009878;6919;6920;kg/s;MFH_O_RW;246590;1224000;01.01.2015;31.12.2015;60.0;0;0;178.664
DE6000648093700000000000030008680;6921;6922;kg/s;MFH_O_RW;229850;1224000;01.01.2015;31.12.2015;60.0;0;0;155.856
DE6000648093700000000000030012748;6923;6924;kg/s;MFH_O_RW;274280;1224000;01.01.2015;31.12.2015;60.0;0;0;197.671
DE6000648093700000000000030008478;6925;6926;kg/s;MFH_O_RW;240730;1224000;01.01.2015;31.12.2015;60.0;0;0;192.603
DE6000648093700000000000030009583;7126;7127;kg/s;MFH_O_RW;279550;1224000;01.01.2015;31.12.2015;60.0;0;0;176.130
DE6000648093700000000000030007979;7128;7129;kg/s;MFH_O_RW;162140;1503000;01.01.2015;31.12.2015;60.0;0;0;114.041
DE6000648093700000000000030008533;7131;7130;kg/s;MFH_O_RW;170190;1415000;01.01.2015;31.12.2015;60.0;0;0;120.377
DE6000648093700000000000030004950;7137;7136;kg/s;MFH_O_RW;120800;843000;01.01.2015;31.12.2015;60.0;0;0;93.767
DE6000648093700000000000030001843;7141;7140;kg/s;MFH_O_RW;91450;600000;01.01.2015;31.12.2015;60.0;0;0;68.425
DE6000648093700000000000030010166;7145;7144;kg/s;OFH_O_RW;52500;400000;01.01.2015;31.12.2015;60.0;0;0;40.548
DE6000648093700000000000030012372;7146;7147;kg/s;MFH_O_RW;111700;1053000;01.01.2015;31.12.2015;60.0;0;0;97.568
DE6000648093700000000000030007912;7148;7149;kg/s;MFH_O_RW;119480;750000;01.01.2015;31.12.2015;60.0;0;0;86.164
DE6000648093700000000000030008111;7150;7151;kg/s;MFH_O_RW;112970;800000;01.01.2015;31.12.2015;60.0;0;0;89.966
DE6000648093700000000000030000246;7153;7152;kg/s;MFH_O_RW;146260;1000000;01.01.2015;31.12.2015;60.0;0;0;111.507
DE6000648093700000000000030009367;7154;7155;kg/s;OFH_O_RW;59590;400000;01.01.2015;31.12.2015;60.0;0;0;48.151
DE6000648093700000000000030007833;7158;7159;kg/s;OFH_O_RW;76910;400000;01.01.2015;31.12.2015;60.0;0;0;48.151
DE6000648093700000000000030007149;7163;7162;kg/s;OFH_O_RW;54220;400000;01.01.2015;31.12.2015;60.0;0;0;38.014
DE6000648093700000000000030003563;7165;7164;kg/s;OFH_O_RW;62470;400000;01.01.2015;31.12.2015;60.0;0;0;48.151
DE6000648093700000000000030010039;7173;7172;kg/s;MFH_O_RW;567010;3200000;01.01.2015;31.12.2015;60.0;0;0;485.308
DE6000648093700000000000030008600;7176;7177;kg/s;MFH_O_RW;1102720;5500000;01.01.2015;31.12.2015;60.0;0;0;1.904.486
DE6000648093700000000000030006920;7178;7179;kg/s;MFH_O_RW;1295550;6000000;01.01.2015;31.12.2015;60.0;0;0;2.032.466
DE6000648093700000000000030011297;7182;7183;kg/s;MFH_O_RW;447710;2100000;01.01.2015;31.12.2015;60.0;0;0;530.925
DE6000648093700000000000030006027;7181;7184;kg/s;MFH_O_RW;767090;3500000;01.01.2015;31.12.2015;60.0;0;0;1.286.130
DE6000648093700000000000030005818;7180;7185;kg/s;MFH_O_RW;737850;3200000;01.01.2015;31.12.2015;60.0;0;0;1.083.390
DE6000648093700000000000030011240;7191;7190;kg/s;MFH_O_RW;356600;4000000;01.01.2015;31.12.2015;60.0;0;0;297.774
DE6000648093700000000000030010998;7194;7195;kg/s;MFH_O_RW;163940;1900000;01.01.2015;31.12.2015;60.0;0;0;339.589
DE6000648093700000000000030006568;7199;7198;kg/s;OFH_O_RW;44330;400000;01.01.2015;31.12.2015;60.0;0;0;20.274
DE6000648093700000000000030011035;7203;7204;kg/s;MFH_O_RW;150990;1500000;01.01.2015;31.12.2015;60.0;0;0;171.062
DE6000648093700000000000030008698;7209;7210;kg/s;MFH_O_RW;1739990;10000000;01.01.2015;31.12.2015;60.0;0;0;2.079.349
DE6000648093700000000000030007487;7213;7214;kg/s;MFH_O_RW;213750;1000000;01.01.2015;31.12.2015;60.0;0;0;165.993
DE6000648093700000000000030007926;7217;7218;kg/s;MFH_O_RW;289490;3000000;01.01.2015;31.12.2015;60.0;0;0;405.479
DE6000648093700000000000030007994;7221;7222;kg/s;MFH_O_RW;459390;2500000;01.01.2015;31.12.2015;60.0;0;0;489.110
DE6000648093700000000000030012875;7225;7226;kg/s;MFH_O_RW;106960;1000000;01.01.2015;31.12.2015;60.0;0;0;125.445
DE6000648093700000000000030013586;7229;7230;kg/s;MFH_O_RW;410960;1700000;01.01.2015;31.12.2015;60.0;0;0;492.911
DE6000648093700000000000030006073;7233;7234;kg/s;MFH_O_RW;478900;1900000;01.01.2015;31.12.2015;60.0;0;0;553.733
DE6000648093700000000000030005975;7237;7238;kg/s;MFH_O_RW;209870;1400000;01.01.2015;31.12.2015;60.0;0;0;337.055
DE6000648093700000000000030012590;7242;7241;kg/s;OFH_O_RW;53480;500000;01.01.2015;31.12.2015;60.0;0;0;38.014
DE6000648093700000000000030013473;7249;7250;kg/s;MFH_O_RW;100370;800000;01.01.2015;31.12.2015;60.0;0;0;149.521
DE6000648093300000000000030009107;7251;7252;kg/s;MFH_O_RW;385580;2750000;01.01.2015;31.12.2015;60.0;0;0;495.616
DE6000648093500000000000030009044;7256;7255;kg/s;WHS;0;16500000;01.01.2015;31.12.2015;60.0;0;0;2.248.436
DE6000648093700000000000030000387;7261;7262;kg/s;OFH_O_RW;69920;400000;01.01.2015;31.12.2015;60.0;0;0;48.151
DE6000648093700000000000030006178;7266;7265;kg/s;MFH_O_RW;407120;2500000;01.01.2015;31.12.2015;60.0;0;0;494.178
DE6000648093700000000000030001705;7275;7276;kg/s;MFH_O_RW;216120;2500000;01.01.2015;31.12.2015;60.0;0;0;269.897
DE6000648093700000000000030004623;7279;7280;kg/s;MFH_O_RW;201860;1900000;01.01.2015;31.12.2015;60.0;0;0;145.719
DE6000648093300000000000030009143;7295;7296;kg/s;WHS;63890;2200000;01.01.2015;31.12.2015;60.0;0;0;81.370
DE6000648093700000000000030005706;7168;7169;kg/s;MFH_O_RW;699040;3900000;01.01.2015;31.12.2015;60.0;0;0;791.952
DE6000648093700000000000030006729;7289;7290;kg/s;MFH_O_RW;394380;2750000;01.01.2015;31.12.2015;60.0;0;0;453.630
DE6000648093700000000000030012143;6645;6644;kg/s;MFH_O_RW;131440;1500000;01.01.2015;31.12.2015;60.0;0;0;65.890
DE6000648093300000000000030002649;7291;7292;kg/s;WHS;1378130;33000000;01.01.2015;31.12.2015;60.0;0;0;1.677.945
DE6000648093500000000000030001492;7299;7300;kg/s;WHS;40140;4000000;01.01.2015;31.12.2015;60.0;0;0;31.107
DE6000648093700000000000030002074;7305;7306;kg/s;MFH_O_RW;268840;1750000;01.01.2015;31.12.2015;60.0;0;0;173.596
DE6000648093700000000000030008136;7310;7309;kg/s;MFH_O_RW;716950;5000000;01.01.2015;31.12.2015;60.0;0;0;956.678
DE6000648093700000000000030010735;7314;7313;kg/s;MFH_O_RW;833830;5500000;01.01.2015;31.12.2015;60.0;0;0;1.078.322
DE6000648093300000000000030012024;7317;7318;kg/s;MFH_O_RW;419570;2700000;01.01.2015;31.12.2015;60.0;0;0;562.192
DE6000648093700000000000070073267;7334;7333;kg/s;MFH_O_RW;180290;1700000;01.01.2015;31.12.2015;60.0;0;0;263.562
DE6000648093700000000000030013279;7335;7336;kg/s;MFH_O_RW;79420;1000000;01.01.2015;31.12.2015;60.0;0;0;116.575
DE6000648093700000000000080208402;7350;7352;kg/s;MFH_O_RW;494380;3500000;01.01.2015;31.12.2015;60.0;0;0;434.623
DE6000648093700000000000030014114;7355;7356;kg/s;MFH_O_RW;158460;2100000;01.01.2015;31.12.2015;60.0;0;0;193.870
DE6000648093700000000000060053603;7361;7380;kg/s;MFH_O_RW;314470;1600000;01.01.2015;31.12.2015;60.0;0;0;439.692
;7366;7367;kg/s;MFH_O_RW;0;3900000;01.01.2015;31.12.2015;60.0;0;0;3.900.000
DE6000648093700000000000030052678;7389;7390;kg/s;WHS;498670;1700000;01.01.2015;31.12.2015;60.0;0;0;680.445
DE6000648093700000000000080216949;7391;7392;kg/s;MFH_O_RW;376140;3400000;01.01.2015;31.12.2015;60.0;0;0;3.400.000
noch ohne;7413;7414;kg/s;MFH_O_RW;0;6500000;01.01.2015;31.12.2015;60.0;0;0;6.500.000
noch ohne;7661;7660;kg/s;MFH_O_RW;0;5000000;01.01.2015;31.12.2015;60.0;0;0;5.000.000
DE6000648099300000000000030009698;2134;2135;kg/s;MFH_O_RW;484590;2500000;01.01.2015;31.12.2015;60.0;0;0;700.536
DE6000648099200000000000030011773;2134;2135;kg/s;WHS;0;500000;01.01.2015;31.12.2015;65.0;0;0;73.413
DE6000648099300000000000030011081;2134;2135;kg/s;MFH_O_RW;438800;3100000;01.01.2015;31.12.2015;60.0;0;0;573.619
DE6000648099300000000000030010966;2134;2135;kg/s;MFH_O_RW;1429380;8000000;01.01.2015;31.12.2015;60.0;0;0;1.871.416
DE6000648099300000000000030013026;2134;2135;kg/s;MFH_O_RW;549040;4000000;01.01.2015;31.12.2015;55.0;0;0;700.536
DE6000648099300000000000030012744;2134;2135;kg/s;MFH_O_RW;358850;1850000;01.01.2015;31.12.2015;60.0;0;0;462.877
DE6000648099300000000000030006335;2134;2135;kg/s;MFH_O_RW;174390;1300000;01.01.2015;31.12.2015;55.0;0;0;230.194
DE6000648099300000000000030011878;2134;2135;kg/s;WHS;850190;5500000;01.01.2015;31.12.2015;60.0;0;0;945.662
DE6000648099300000000000030014043;2134;2135;kg/s;MFH_O_RW;779050;4700000;01.01.2015;31.12.2015;60.0;0;0;980.502
DE6000648099300000000000030012398;2134;2135;kg/s;MFH_O_RW;1958550;12000000;01.01.2015;31.12.2015;60.0;0;0;2.798.413
DE6000648099300000000000030011710;2134;2135;kg/s;MFH_O_RW;1458280;9000000;01.01.2015;31.12.2015;60.0;0;0;2.012.021
DE6000648099300000000000030008814;2134;2135;kg/s;MFH_O_RW;406440;2900000;01.01.2015;31.12.2015;60.0;0;0;563.664
DE6000648099300000000000030002449;2134;2135;kg/s;MFH_O_RW;554290;5000000;01.01.2015;31.12.2015;60.0;0;0;800.080
DE6000648099300000000000030011385;2134;2135;kg/s;WHS;1091510;11000000;01.01.2015;31.12.2015;60.0;0;0;668.185
DE6000648099300000000000030011689;2134;2135;kg/s;MFH_O_RW;413440;2600000;01.01.2015;31.12.2015;65.0;0;0;567.397
DE6000648099300000000000030012676;2134;2135;kg/s;MFH_O_RW;593970;3000000;01.01.2015;31.12.2015;65.0;0;0;742.842
DE6000648099300000000000030012688;2134;2135;kg/s;MFH_O_RW;426870;2600000;01.01.2015;31.12.2015;65.0;0;0;525.091
DE6000648099300000000000030006744;2134;2135;kg/s;MFH_O_RW;508200;3000000;01.01.2015;31.12.2015;65.0;0;0;703.025
DE6000648099300000000000030013145;2134;2135;kg/s;MFH_O_RW;524740;5000000;01.01.2015;31.12.2015;60.0;0;0;708.002
DE6000648099300000000000030011061;2134;2135;kg/s;MFH_O_RW;108770;1630000;01.01.2015;31.12.2015;65.0;0;0;126.918
DE6000648099300000000000030010206;2134;2135;kg/s;WHS;148340;2000000;01.01.2015;31.12.2015;60.0;0;0;186.644
DE6000648099300000000000030003216;2134;2135;kg/s;WHS;125100;2000000;01.01.2015;31.12.2015;60.0;0;0;123.185
DE6000648099300000000000030011256;2134;2135;kg/s;MFH_O_RW;230200;6300000;01.01.2015;31.12.2015;55.0;0;0;6.300.000
DE6000648099300000000000030007827;2134;2135;kg/s;MFH_O_RW;0;3470000;01.01.2015;31.12.2015;65.0;0;0;3.470.000
DE6000648099300000000000030000000;2134;2135;kg/s;WHS;1252740;9800000;01.01.2015;31.12.2015;65.0;0;0;884.692
DE6000648099300000000000030009539;2134;2135;kg/s;WHS;228000;4000000;01.01.2015;31.12.2015;60.0;0;0;242.637
DE6000648099300000000000030000000;2134;2135;kg/s;WHS;1252740;8000000;01.01.2015;31.12.2015;60.0;0;0;884.692
DE6000648099300000000000030013536;2134;2135;kg/s;WHS;162250;1900000;01.01.2015;31.12.2015;60.0;0;0;185.400
DE6000648099300000000000030009972;2134;2135;kg/s;WHS;1234250;34262000;01.01.2015;31.12.2015;65.0;0;0;1.311.484
DE6000648099300000000000030014126;2134;2135;kg/s;WHS;998800;9430000;01.01.2015;31.12.2015;65.0;0;0;990.457
DE6000648099300000000000030011138;2134;2135;kg/s;MFH_O_RW;719610;5500000;01.01.2015;31.12.2015;60.0;0;0;1.155.947
DE6000648099300000000000030012969;2134;2135;kg/s;MFH_O_RW;0;2000000;01.01.2015;31.12.2015;60.0;0;0;363.333
DE6000648099300000000000030012949;2134;2135;kg/s;MFH_O_RW;1331950;8000000;01.01.2015;31.12.2015;60.0;0;0;1.953.539
DE6000648099300000000000030005149;2134;2135;kg/s;WHS;954920;8270000;01.01.2015;31.12.2015;65.0;0;0;1.265.445
DE6000648099200000000000030010727;2134;2135;kg/s;WHS;466050;6000000;01.01.2015;31.12.2015;60.0;0;0;511.404
DE6000648099300000000000030013045;2134;2135;kg/s;WHS;395770;11000000;01.01.2015;31.12.2015;60.0;0;0;556.199
DE6000648099300000000000030008528;2134;2135;kg/s;WHS;441220;8000000;01.01.2015;31.12.2015;60.0;0;0;421.815
DE6000648093700000000000080204371;7430;7429;kg/s;MFH_O_RW;57310;400000;01.01.2015;31.12.2015;60.0;0;0;84.897
DE6000648080700000000000091507290;5103;5104;kg/s;MFH_O_RW;358810;4350000;01.01.2015;31.12.2015;60.0;0;0;408.630
DE6000648080200000000000091507098;7432;7433;kg/s;MFH_O_RW;62160;350000;01.01.2015;31.12.2015;60.0;0;0;93.699
DE6000648080700000000000080205207;5128;5127;kg/s;MFH_O_RW;93400;750000;01.01.2015;31.12.2015;60.0;0;0;204.315
DE6000648080700000000000070072568;7435;7436;kg/s;MFH_O_RW;391250;2500000;01.01.2015;31.12.2015;60.0;0;0;519.247
DE6000648080500000000000080215564;7448;7449;kg/s;MFH_O_RW;344000;1300000;01.01.2015;31.12.2015;60.0;0;0;430.845
DE6000648080700000000000030054706;5136;5135;kg/s;MFH_O_RW;161160;1200000;01.01.2015;31.12.2015;60.0;0;0;361.781
DE6000648080700000000000030055648;5101;5102;kg/s;MFH_O_RW;321120;2500000;01.01.2015;31.12.2015;60.0;0;0;434.658
DE6000648080400000000000030058764;7455;7454;kg/s;MFH_O_RW;151830;1600000;01.01.2015;31.12.2015;60.0;0;0;255.068
DE6000648080400000000000060058920;6127;6128;kg/s;MFH_O_RW;255770;1850000;01.01.2015;31.12.2015;63.0;0;0;351.370
DE6000648093700000000000080207243;7460;7461;kg/s;MFH_O_RW;162500;1100000;01.01.2015;31.12.2015;63.0;0;0;209.075
;7463;7462;kg/s;MFH_O_RW;0;2650000;01.01.2015;31.12.2015;63.0;0;0;2.650.000
DE6000648080700000000000060068532;7467;7466;kg/s;MFH_O_RW;440000;1800000;01.01.2015;31.12.2015;63.0;0;0;1.800.000
noch ohne;7471;7470;kg/s;MFH_O_RW;0;3700000;01.01.2015;31.12.2015;63.0;0;0;3.700.000
noch ohne;7475;7474;kg/s;MFH_O_RW;0;4000000;01.01.2015;31.12.2015;63.0;0;0;4.000.000
DE6000648080400000000000091514022;7478;7479;kg/s;MFH_O_RW;541860;2500000;01.01.2015;31.12.2015;63.0;0;0;758.699
DE6000648080900000000000060062765;3540;3541;kg/s;MFH_O_RW;206630;1400000;01.01.2015;31.12.2015;63.0;0;0;150.925
DE6000648080900000000000080206523;7481;7480;kg/s;MFH_O_RW;234540;1400000;01.01.2015;31.12.2015;63.0;0;0;135.445
DE6000648080700000000000070077252;5131;5132;kg/s;MFH_O_RW;247530;3200000;01.01.2015;31.12.2015;63.0;0;0;343.562
DE6000648080700000000000080205622;5123;5124;kg/s;MFH_O_RW;255870;3200000;01.01.2015;31.12.2015;63.0;0;0;290.205
DE6000648080700000000000030059357;7482;7483;kg/s;WHS;299320;4500000;01.01.2015;31.12.2015;63.0;0;0;419.041
DE6000648099200000000000030069550;7484;7485;kg/s;MFH_O_RW;310780;2750000;01.01.2015;31.12.2015;63.0;0;0;2.750.000
DE6000648080500000000000091511186;1876;1877;kg/s;MFH_O_RW;453790;3200000;01.01.2015;31.12.2015;63.0;0;0;657.877
DE6000648080200000000000030006309;1960;1961;kg/s;MFH_O_RW;413160;4650000;01.01.2015;31.12.2015;63.0;0;0;603.836
DE6000648080700000000000030013911;2058;2059;kg/s;MFH_O_RW;722840;4500000;01.01.2015;31.12.2015;63.0;0;0;1.153.014
DE6000648093700000000000030007857;3816;3817;kg/s;WHS;715110;5400000;01.01.2015;31.12.2015;63.0;0;0;893.322
DE6000648080500000000000091517552;1868;1869;kg/s;MFH_O_RW;636440;3700000;01.01.2015;31.12.2015;63.0;0;0;3.700.000
DE6000648080500000000000030013824;1884;1885;kg/s;MFH_O_RW;1247500;9000000;01.01.2015;31.12.2015;63.0;0;0;1.680.811
DE6000648080500000000000030006768;1894;1895;kg/s;MFH_O_RW;184630;1000000;01.01.2015;31.12.2015;63.0;0;0;1.000.000
DE6000648080700000000000030013441;4586;4587;kg/s;MFH_O_RW;456930;7000000;01.01.2015;31.12.2015;55.0;0;0;625.959
DE6000648080700000000000030006633;2016;2017;kg/s;MFH_O_RW;443730;2380000;01.01.2015;31.12.2015;63.0;0;0;484.110
DE6000648080700000000000030007560;1718;1719;kg/s;MFH_O_RW;506420;6180000;01.01.2015;31.12.2015;63.0;0;0;701.438
DE6000648080700000000000030007553;1856;1857;kg/s;MFH_O_RW;338460;2000000;01.01.2015;31.12.2015;63.0;0;0;506.233
DE6000648080700000000000030007733;1988;1989;kg/s;MFH_O_RW;705250;4000000;01.01.2015;31.12.2015;63.0;0;0;739.178
DE6000648080700000000000030010754;2102;2103;kg/s;MFH_O_RW;208770;3000000;01.01.2015;31.12.2015;63.0;0;0;340.959
DE6000648080700000000000030002250;2008;2009;kg/s;MFH_O_RW;376320;2100000;01.01.2015;31.12.2015;60.0;0;0;484.110
DE6000648080700000000000030012131;2118;2119;kg/s;MFH_O_RW;280510;2500000;01.01.2015;31.12.2015;63.0;0;0;429.452
DE6000648080900000000000030004876;4080;4081;kg/s;WHS;658890;6700000;01.01.2015;31.12.2015;63.0;0;0;835.890
DE6000648093900000000000030009882;3858;3859;kg/s;WHS;457430;6000000;01.01.2015;31.12.2015;63.0;0;0;509.178
DE6000648080700000000000030001704;1696;1697;kg/s;MFH_O_RW;419610;3800000;01.01.2015;31.12.2015;63.0;0;0;426.849
DE6000648080400000000000080209201;5862;5863;kg/s;MFH_O_RW;352400;2200000;01.01.2015;31.12.2015;60.0;0;0;204.315
DE6000648080300000000000030010042;5930;5931;kg/s;MFH_O_RW;350390;3000000;01.01.2015;31.12.2015;63.0;0;0;300.559
DE6000648093700000000000091501215;7360;7359;kg/s;OFH_O_RW;67730;700000;01.01.2015;31.12.2015;60.0;0;0;54.486
DE6000648093700000000000030004318;7285;7286;kg/s;MFH_O_RW;278180;2000000;01.01.2015;31.12.2015;60.0;0;0;368.733
DE6000648093700000000000030010943;7246;7245;kg/s;MFH_O_RW;223930;1500000;01.01.2015;31.12.2015;60.0;0;0;297.774
DE6000648093700000000000030009867;7135;7134;kg/s;OFH_O_RW;26210;243000;01.01.2015;31.12.2015;60.0;0;0;24.075
DE6000648093700000000000030009874;7339;7340;kg/s;MFH_O_RW;123140;1000000;01.01.2015;31.12.2015;60.0;0;0;144.452
DE6000648093700000000000030001422;7344;7343;kg/s;MFH_O_RW;187100;2000000;01.01.2015;31.12.2015;60.0;0;0;280.034
DE6000648093700000000000030006476;7271;7272;kg/s;MFH_O_RW;155810;950000;01.01.2015;31.12.2015;60.0;0;0;152.055
DE6000648093700000000000030009920;7132;7133;kg/s;OFH_O_RW;34450;390000;01.01.2015;31.12.2015;60.0;0;0;32.945
DE6000648080700000000000030008246;5065;5064;kg/s;MFH_O_RW;336980;6700000;01.01.2015;31.12.2015;60.0;0;0;477.603
DE6000648080700000000000080202698;5119;5120;kg/s;MFH_O_RW;403780;2950000;01.01.2015;31.12.2015;60.0;0;0;437.260
DE6000648080700000000000030061392;7489;7488;kg/s;WHS;1536260;13000000;01.01.2015;31.12.2015;60.0;0;0;1.622.808
DE6000648079600000000000080206306;7494;7495;kg/s;MFH_O_RW;776520;4500000;01.01.2015;31.12.2015;60.0;0;0;1.053.893
DE6000648080400000000000030056534;7498;7499;kg/s;MFH_O_RW;492980;3000000;01.01.2015;31.12.2015;60.0;0;0;827.671
DE6000648080400000000000091508900;7502;7503;kg/s;MFH_O_RW;225540;1850000;01.01.2015;31.12.2015;60.0;0;0;318.836
DE6000648080700000000000060061049;7511;7510;kg/s;MFH_O_RW;603540;3850000;01.01.2015;31.12.2015;60.0;0;0;808.151
DE6000648080700000000000030060918;7515;7514;kg/s;CRI;70030;650000;01.01.2015;31.12.2015;60.0;0;0;78.082
DE6000648080700000000000070080016;7518;7519;kg/s;WHS;396580;2900000;01.01.2015;31.12.2015;60.0;0;0;376.096
noch ohne;7522;7523;kg/s;MFH_O_RW;0;5500000;01.01.2015;31.12.2015;60.0;0;0;5.500.000
DE6000648099200000000000080211444;7528;7529;kg/s;MFH_O_RW;147250;2500000;01.01.2015;31.12.2015;63.0;0;0;161.758
DE6000648080400000000000030061322;7531;7530;kg/s;MFH_O_RW;360160;3160000;01.01.2015;31.12.2015;60.0;0;0;538.767
DE6000648080400000000000091512981;7534;7535;kg/s;MFH_O_RW;373450;3500000;01.01.2015;31.12.2015;60.0;0;0;521.849
DE6000648080400000000000091511788;7539;7538;kg/s;MFH_O_RW;279330;2300000;01.01.2015;31.12.2015;60.0;0;0;402.123
DE6000648099200000000000060065357;7543;7542;kg/s;CRI;50580;1150000;01.01.2015;31.12.2015;63.0;0;0;57.237
DE6000648099200000000000030066057;7546;7547;kg/s;MFH_O_RW;111800;1750000;01.01.2015;31.12.2015;63.0;0;0;1.750.000
DE6000648099200000000000060067766;2134;2135;kg/s;MFH_O_RW;1199310;12000000;01.01.2015;31.12.2015;60.0;0;0;12.000.000
DE6000648093700000000000060061048;7549;7551;kg/s;MFH_O_RW;152240;2100000;01.01.2015;31.12.2015;60.0;0;0;139.384
DE6000648080500000000000070084451;7553;7552;kg/s;MFH_O_RW;67620;600000;01.01.2015;31.12.2015;60.0;0;0;107.066
DE6000648080400000000000070079718;7556;7557;kg/s;MFH_O_RW;168790;1700000;01.01.2015;31.12.2015;60.0;0;0;231.644
DE6000648080700000000000030067466;7559;7560;kg/s;MFH_O_RW;276140;1500000;01.01.2015;31.12.2015;60.0;0;0;1.500.000
DE6000648080700000000000080214122;7575;7576;kg/s;WHS;851220;12000000;01.01.2015;31.12.2015;60.0;0;0;1.544.726
fehlt;7579;7580;kg/s;MFH_O_RW;0;800000;01.01.2015;31.12.2015;60.0;0;0;800.000
DE6000648080700000000000060062074;7585;7586;kg/s;WHS;262640;1950000;01.01.2015;31.12.2015;60.0;0;0;171.781
DE6000648080900000000000070087229;7597;7596;kg/s;MFH_O_RW;143210;1000000;01.01.2015;31.12.2015;60.0;0;0;1.000.000
DE6000648080700000000000030068814;7601;7600;kg/s;MFH_O_RW;338000;1800000;01.01.2015;31.12.2015;60.0;0;0;1.800.000
noch ohne;7605;7604;kg/s;MFH_O_RW;0;1800000;01.01.2015;31.12.2015;60.0;0;0;1.800.000
DE6000648080700000000000080216734;7614;7615;kg/s;MFH_O_RW;242560;2150000;01.01.2015;31.12.2015;60.0;0;0;2.150.000
DE6000648093700000000000030064923;7619;7618;kg/s;CRI;82410;1000000;01.01.2015;31.12.2015;60.0;0;0;89.966
DE6000648080700000000000080213995;7624;7625;kg/s;WHS;499800;9000000;01.01.2015;31.12.2015;60.0;0;0;445.069
DE6000648080700000000000060063845;7632;7633;kg/s;WHS;23230;750000;01.01.2015;31.12.2015;60.0;0;0;20.822
DE6000648093900000000000030010984;2132;2133;kg/s;MFH_O_RW;904010;6200000;01.01.2015;31.12.2015;50.0;0;0;1.149.041
DE6000648093900000000000030005954;2132;2133;kg/s;MFH_O_RW;1164770;4800000;01.01.2015;31.12.2015;50.0;0;0;721.233
DE6000648093900000000000030011609;2132;2133;kg/s;MFH_O_RW;857610;4500000;01.01.2015;31.12.2015;50.0;0;0;650.959
DE6000648093900000000000030013986;2132;2133;kg/s;MFH_O_RW;789000;3800000;01.01.2015;31.12.2015;50.0;0;0;1.190.959
DE6000648093900000000000030006079;2132;2133;kg/s;MFH_O_RW;196690;1400000;01.01.2015;31.12.2015;40.0;0;0;286.027
DE6000648093900000000000030013724;2132;2133;kg/s;MFH_O_RW;805730;3850000;01.01.2015;31.12.2015;50.0;0;0;1.063.973
DE6000648093900000000000030008876;2132;2133;kg/s;MFH_O_RW;622910;3600000;01.01.2015;31.12.2015;40.0;0;0;756.986
DE6000648093900000000000030007534;2132;2133;kg/s;CRI;356790;3000000;01.01.2015;31.12.2015;50.0;0;0;426.575
DE6000648093900000000000030010263;2132;2133;kg/s;CRI;64770;400000;01.01.2015;31.12.2015;50.0;0;0;40.685
DE6000648093900000000000030009606;2132;2133;kg/s;CRI;57520;350000;01.01.2015;31.12.2015;50.0;0;0;44.384
DE6000648093900000000000030003211;2132;2133;kg/s;MFH_O_RW;121580;650000;01.01.2015;31.12.2015;50.0;0;0;106.027
DE6000648093900000000000030013046;2132;2133;kg/s;MFH_O_RW;143630;750000;01.01.2015;31.12.2015;50.0;0;0;80.137
DE6000648093900000000000030007523;2132;2133;kg/s;MFH_O_RW;287400;2800000;01.01.2015;31.12.2015;50.0;0;0;346.438
DE6000648093900000000000030004076;2132;2133;kg/s;MFH_O_RW;902160;8600000;01.01.2015;31.12.2015;50.0;0;0;1.316.712
DE6000648093900000000000030013230;2132;2133;kg/s;MFH_O_RW;1123920;5800000;01.01.2015;31.12.2015;40.0;0;0;1.403.014
DE6000648093900000000000030007541;2132;2133;kg/s;MFH_O_RW;200870;1200000;01.01.2015;31.12.2015;50.0;0;0;305.753
DE6000648093900000000000030011949;2132;2133;kg/s;MFH_O_RW;308830;1700000;01.01.2015;31.12.2015;50.0;0;0;451.233
DE6000648093900000000000030000289;2132;2133;kg/s;MFH_O_RW;370120;3200000;01.01.2015;31.12.2015;50.0;0;0;578.219
DE6000648093900000000000030010472;2132;2133;kg/s;MFH_O_RW;388580;3000000;01.01.2015;31.12.2015;50.0;0;0;554.795
DE6000648093900000000000030011363;2132;2133;kg/s;MFH_O_RW;245040;2000000;01.01.2015;31.12.2015;50.0;0;0;446.301
DE6000648093900000000000030013411;2132;2133;kg/s;MFH_O_RW;257710;1550000;01.01.2015;31.12.2015;50.0;0;0;382.192
DE6000648093900000000000030012313;2132;2133;kg/s;MFH_O_RW;393200;2500000;01.01.2015;31.12.2015;50.0;0;0;493.151
DE6000648093900000000000030011329;2132;2133;kg/s;MFH_O_RW;553650;5000000;01.01.2015;31.12.2015;50.0;0;0;776.712
DE6000648093900000000000030012164;2132;2133;kg/s;MFH_O_RW;1117950;7000000;01.01.2015;31.12.2015;40.0;0;0;1.502.877
DE6000648093900000000000030004018;2132;2133;kg/s;MFH_O_RW;413530;3800000;01.01.2015;31.12.2015;40.0;0;0;548.630
DE6000648093900000000000030013408;2132;2133;kg/s;MFH_O_RW;1187360;5000000;01.01.2015;31.12.2015;50.0;0;0;891.370
DE6000648093900000000000030007042;2132;2133;kg/s;MFH_O_RW;780560;4500000;01.01.2015;31.12.2015;50.0;0;0;988.767
DE6000648093900000000000030008862;2132;2133;kg/s;MFH_O_RW;688240;4800000;01.01.2015;31.12.2015;50.0;0;0;822.329
DE6000648093900000000000030010054;2132;2133;kg/s;MFH_O_RW;73560;750000;01.01.2015;31.12.2015;40.0;0;0;106.027
DE6000648093900000000000030013737;2132;2133;kg/s;MFH_O_RW;701460;4500000;01.01.2015;31.12.2015;50.0;0;0;893.836
DE6000648093900000000000030013252;2132;2133;kg/s;MFH_O_RW;95770;700000;01.01.2015;31.12.2015;50.0;0;0;123.288
DE6000648093900000000000030011395;2132;2133;kg/s;MFH_O_RW;1111160;5000000;01.01.2015;31.12.2015;50.0;0;0;1.388.219
DE6000648093900000000000030009205;2132;2133;kg/s;MFH_O_RW;56020;400000;01.01.2015;31.12.2015;50.0;0;0;80.137
DE6000648093900000000000030007805;2132;2133;kg/s;MFH_O_RW;63920;400000;01.01.2015;31.12.2015;50.0;0;0;62.877
DE6000648093900000000000030000196;2132;2133;kg/s;MFH_O_RW;585000;4000000;01.01.2015;31.12.2015;50.0;0;0;797.671
DE6000648093900000000000030013908;2132;2133;kg/s;MFH_O_RW;458230;2800000;01.01.2015;31.12.2015;40.0;0;0;596.712
DE6000648093900000000000030000388;2132;2133;kg/s;OFH_O_RW;10940;120000;01.01.2015;31.12.2015;50.0;0;0;0.8630
DE6000648093900000000000030006143;2132;2133;kg/s;OFH_O_RW;15730;100000;01.01.2015;31.12.2015;50.0;0;0;0.9863
DE6000648093900000000000030013200;2132;2133;kg/s;OFH_O_RW;17990;100000;01.01.2015;31.12.2015;50.0;0;0;11.096
DE6000648093900000000000030004469;2132;2133;kg/s;OFH_O_RW;7990;100000;01.01.2015;31.12.2015;50.0;0;0;0.9863
DE6000648093900000000000030009498;2132;2133;kg/s;OFH_O_RW;17060;100000;01.01.2015;31.12.2015;50.0;0;0;13.562
DE6000648093900000000000030006571;2132;2133;kg/s;OFH_O_RW;12520;100000;01.01.2015;31.12.2015;50.0;0;0;12.329
DE6000648093900000000000030013254;2132;2133;kg/s;OFH_O_RW;13230;100000;01.01.2015;31.12.2015;50.0;0;0;0.9863
DE6000648093900000000000030006586;2132;2133;kg/s;OFH_O_RW;12290;100000;01.01.2015;31.12.2015;50.0;0;0;0.9863
DE6000648093900000000000030011779;2132;2133;kg/s;OFH_O_RW;19140;120000;01.01.2015;31.12.2015;50.0;0;0;13.562
DE6000648093900000000000030012970;2132;2133;kg/s;MFH_O_RW;461540;2500000;01.01.2015;31.12.2015;40.0;0;0;554.795
DE6000648093900000000000030008008;2132;2133;kg/s;OFH_O_RW;20530;170000;01.01.2015;31.12.2015;57.4;0;0;17.260
DE6000648093900000000000030012104;2132;2133;kg/s;OFH_O_RW;18490;100000;01.01.2015;31.12.2015;50.0;0;0;0.7397
DE6000648093900000000000030010832;2132;2133;kg/s;OFH_O_RW;12120;100000;01.01.2015;31.12.2015;50.0;0;0;12.329
DE6000648093900000000000030012174;2132;2133;kg/s;OFH_O_RW;14850;100000;01.01.2015;31.12.2015;50.0;0;0;11.096
DE6000648093900000000000030011868;2132;2133;kg/s;OFH_O_RW;12810;100000;01.01.2015;31.12.2015;50.0;0;0;11.096
DE6000648093900000000000030006116;2132;2133;kg/s;OFH_O_RW;14190;200000;01.01.2015;31.12.2015;50.0;0;0;13.562
DE6000648093900000000000030012285;2132;2133;kg/s;OFH_O_RW;20080;100000;01.01.2015;31.12.2015;50.0;0;0;17.260
DE6000648093900000000000030008762;2132;2133;kg/s;OFH_O_RW;8350;100000;01.01.2015;31.12.2015;50.0;0;0;0.4932
DE6000648093900000000000030011239;2132;2133;kg/s;OFH_O_RW;18490;100000;01.01.2015;31.12.2015;50.0;0;0;16.027
DE6000648093900000000000030003361;2132;2133;kg/s;OFH_O_RW;11050;100000;01.01.2015;31.12.2015;50.0;0;0;0.9863
DE6000648093900000000000030003735;2132;2133;kg/s;OFH_O_RW;17350;120000;01.01.2015;31.12.2015;50.0;0;0;14.795
DE6000648093900000000000030013927;2132;2133;kg/s;WHS;497260;2800000;01.01.2015;31.12.2015;40.0;0;0;584.384
DE6000648093900000000000030009271;2132;2133;kg/s;MFH_O_RW;61020;400000;01.01.2015;31.12.2015;50.0;0;0;82.603
DE6000648093900000000000030007530;2132;2133;kg/s;MFH_O_RW;56410;400000;01.01.2015;31.12.2015;50.0;0;0;75.205
DE6000648093900000000000030009098;2132;2133;kg/s;MFH_O_RW;49790;400000;01.01.2015;31.12.2015;50.0;0;0;71.507
DE6000648093900000000000030012915;2132;2133;kg/s;MFH_O_RW;795720;4300000;01.01.2015;31.12.2015;40.0;0;0;1.290.822
DE6000648093900000000000030006445;2132;2133;kg/s;MFH_O_RW;374150;3000000;01.01.2015;31.12.2015;40.0;0;0;461.096
DE6000648093900000000000030004842;2132;2133;kg/s;MFH_O_RW;152770;900000;01.01.2015;31.12.2015;50.0;0;0;178.767
DE6000648093900000000000030006015;2132;2133;kg/s;MFH_O_RW;1556380;8200000;01.01.2015;31.12.2015;40.0;0;0;1.824.658
DE6000648093900000000000030004210;2132;2133;kg/s;MFH_O_RW;332420;2500000;01.01.2015;31.12.2015;50.0;0;0;451.233
DE6000648093900000000000030011668;2132;2133;kg/s;MFH_O_RW;706430;4300000;01.01.2015;31.12.2015;50.0;0;0;504.247
DE6000648093900000000000030012333;2132;2133;kg/s;MFH_O_RW;720020;3300000;01.01.2015;31.12.2015;50.0;0;0;453.699
nur ein Zhlpunkt;2132;2133;kg/s;MFH_O_RW;0;1700000;01.01.2015;31.12.2015;50.0;0;0;1.403.014
DE6000648093900000000000030004210;2132;2133;kg/s;MFH_O_RW;332420;3000000;01.01.2015;31.12.2015;50.0;0;0;451.233
DE6000648093900000000000030009001;2132;2133;kg/s;MFH_O_RW;448960;2500000;01.01.2015;31.12.2015;50.0;0;0;641.096
DE6000648093900000000000030011942;2132;2133;kg/s;OFH_O_RW;61420;450000;01.01.2015;31.12.2015;50.0;0;0;45.616
DE6000648093900000000000030007910;2132;2133;kg/s;WHS;36680;1100000;01.01.2015;31.12.2015;50.0;0;0;30.822
noch ohne;7642;7643;kg/s;MFH_O_RW;0;4500000;01.01.2015;31.12.2015;60.0;0;0;4.500.000
noch ohne evt. auch Nr. 21;7419;7418;kg/s;MFH_O_RW;0;1800000;01.01.2015;31.12.2015;60.0;0;0;1.800.000
noch ohne;7648;7649;kg/s;MFH_O_RW;0;2200000;01.01.2015;31.12.2015;60.0;0;0;2.200.000
noch ohne;7664;7665;kg/s;MFH_O_RW;0;650000;01.01.2015;31.12.2015;60.0;0;0;650.000
DE6000648093900000000000060067729;7683;7682;kg/s;MFH_O_RW;979540;5500000;01.01.2015;31.12.2015;60.0;0;0;5.500.000
noch ohne;7686;7687;kg/s;MFH_O_RW;0;7500000;01.01.2015;31.12.2015;60.0;0;0;7.500.000
DE6000648093700000000000091517667;7690;7691;kg/s;MFH_O_RW;292340;2500000;01.01.2015;31.12.2015;60.0;0;0;2.500.000
;7708;7709;kg/s;MFH_O_RW;0;4500000;01.01.2015;31.12.2015;60.0;0;0;4.500.000
;7700;7701;kg/s;MFH_O_RW;0;4000000;01.01.2015;31.12.2015;60.0;0;0;4.000.000
;7712;7713;kg/s;MFH_O_RW;0;15000000;01.01.2015;31.12.2015;60.0;0;0;15.000.000
;7717;7716;kg/s;MFH_O_RW;0;6500000;01.01.2015;31.12.2015;60.0;0;0;6.500.000
;7715;7714;kg/s;MFH_O_RW;0;8000000;01.01.2015;31.12.2015;60.0;0;0;8.000.000
DE6000648093500000000000030065766;7718;7719;kg/s;MFH_O_RW;59710;950000;01.01.2015;31.12.2015;60.0;0;0;103.276
noch ohne;7725;7726;kg/s;MFH_O_RW;0;3700000;01.01.2015;31.12.2015;60.0;0;0;3.700.000
noch ohne;7738;7737;kg/s;MFH_O_RW;0;27600000;01.01.2015;31.12.2015;60.0;0;0;27.500.000
noch ohne;7745;7746;kg/s;MFH_O_RW;0;5400000;01.01.2015;31.12.2015;60.0;0;0;6.000.000
noch ohne;7747;7748;kg/s;MFH_O_RW;0;3500000;01.01.2015;31.12.2015;60.0;0;0;3.500.000
DE6000648080700000000000060068027;5142;5141;kg/s;MFH_O_RW;505950;7000000;01.01.2015;31.12.2015;60.0;0;0;7.000.000
DE6000648093900000000000080218881;7768;7769;kg/s;MFH_O_RW;394990;4500000;01.01.2015;31.12.2015;60.0;0;0;4.500.000
;7772;7773;kg/s;MFH_O_RW;0;1300000;01.01.2015;31.12.2015;60.0;0;0;1.300.000
noch ohne;7779;7778;kg/s;MFH_O_RW;0;150000;01.01.2015;31.12.2015;60.0;0;0;150.000
noch ohne;7783;7782;kg/s;MFH_O_RW;0;10300000;01.01.2015;31.12.2015;60.0;0;0;10.300.000
DE6000648080700000000000080218868;7793;7792;kg/s;MFH_O_RW;1268790;10000000;01.01.2015;31.12.2015;60.0;0;0;10.000.000
DE6000648080700000000000091518735;7800;7801;kg/s;MFH_O_RW;671840;10000000;01.01.2015;31.12.2015;60.0;0;0;10.000.000
DE6000648080700000000000080218868;7795;7794;kg/s;MFH_O_RW;1268790;10000000;01.01.2015;31.12.2015;60.0;0;0;10.000.000
noch ohne;7805;7804;kg/s;MFH_O_RW;0;5000000;01.01.2015;31.12.2015;60.0;0;0;5.000.000
noch ohne;7808;7809;kg/s;MFH_O_RW;0;6000000;01.01.2015;31.12.2015;60.0;0;0;6.000.000
noch ohne;7813;7814;kg/s;MFH_O_RW;0;8700000;01.01.2015;31.12.2015;60.0;0;0;8.700.000
noch ohne;7817;7818;kg/s;MFH_O_RW;0;750000;01.01.2015;31.12.2015;60.0;0;0;750.000
;7825;7826;kg/s;MFH_O_RW;0;1500000;01.01.2015;31.12.2015;60.0;0;0;1.500.000
noch ohne;5111;5112;kg/s;MFH_O_RW;0;5000000;01.01.2015;31.12.2015;60.0;0;0;5.000.000
noch ohne;7829;7830;kg/s;MFH_O_RW;0;750000;01.01.2015;31.12.2015;60.0;0;0;750.000
DE6000648080400000000000030004101;7833;7834;kg/s;CRI;0;400000;01.01.2015;31.12.2015;60.0;0;0;18.219
noch ohne;2134;2135;kg/s;MFH_O_RW;0;4000000;01.01.2015;31.12.2015;60.0;0;0;4.000.000
;7840;7839;kg/s;MFH_O_RW;0;3700000;01.01.2015;31.12.2015;60.0;0;0;3.700.000
;7842;7841;kg/s;MFH_O_RW;0;4500000;01.01.2015;31.12.2015;60.0;0;0;4.500.000
;7848;7847;kg/s;MFH_O_RW;0;6600000;01.01.2015;31.12.2015;60.0;0;0;6.600.000
noch ohne;7855;7856;kg/s;MFH_O_RW;0;4500000;01.01.2015;31.12.2015;60.0;0;0;4.500.000
noch ohne;4882;4883;kg/s;MFH_O_RW;0;4650000;01.01.2015;31.12.2015;60.0;0;0;4.650.000
noch ohne;7870;7869;kg/s;MFH_O_RW;0;11000000;01.01.2015;31.12.2015;60.0;0;0;11.000.000
;7873;7874;kg/s;MFH_O_RW;0;3000000;01.01.2015;31.12.2015;60.0;0;0;3.000.000
noch ohne;7877;7878;kg/s;MFH_O_RW;0;500000;01.01.2015;31.12.2015;60.0;0;0;500.000
noch ohne;7889;7890;kg/s;MFH_O_RW;0;23000000;01.01.2015;31.12.2015;60.0;0;0;23.000.000
noch ohne;7925;7926;kg/s;MFH_O_RW;0;4500000;01.01.2015;31.12.2015;60.0;0;0;4.500.000
noch ohne;7931;7932;kg/s;MFH_O_RW;0;550000;01.01.2015;31.12.2015;60.0;0;0;550.000
noch ohne;7933;7934;kg/s;MFH_O_RW;0;2000000;01.01.2015;31.12.2015;60.0;0;0;2.000.000
noch ohne;7936;7935;kg/s;MFH_O_RW;0;4500000;01.01.2015;31.12.2015;60.0;0;0;4.500.000
noch ohne;7942;7941;kg/s;MFH_O_RW;0;1000000;01.01.2015;31.12.2015;60.0;0;0;1.000.000
;7943;7944;kg/s;MFH_O_RW;0;2800000;01.01.2015;31.12.2015;60.0;0;0;2.800.000
;7947;7948;kg/s;MFH_O_RW;0;5000000;01.01.2015;31.12.2015;60.0;0;0;5.000.000
;7953;7954;kg/s;MFH_O_RW;0;4500000;01.01.2015;31.12.2015;60.0;0;0;4.500.000
noch ohne;7962;7961;kg/s;MFH_O_RW;0;650000;01.01.2015;31.12.2015;60.0;0;0;650.000
noch ohne;7963;7964;kg/s;MFH_O_RW;0;1250000;01.01.2015;31.12.2015;60.0;0;0;1.250.000
noch ohne;7968;7967;kg/s;MFH_O_RW;0;3500000;01.01.2015;31.12.2015;60.0;0;0;3.500.000
;7971;7972;kg/s;MFH_O_RW;0;30000000;01.01.2015;31.12.2015;60.0;0;0;30.000.000
DE6000648093900000000000030001049;2132;2133;kg/s;CRI;55860;400000;01.01.2015;31.12.2015;55.0;0;0;76.438
;8081;8080;kg/s;MFH_O_RW;0;4000000;01.01.2015;31.12.2015;55.0;0;0;4.000.000
noch ohne;8084;8085;kg/s;MFH_O_RW;0;2600000;01.01.2015;31.12.2015;55.0;0;0;2.600.000
noch ohne;8088;8089;kg/s;MFH_O_RW;0;250000;01.01.2015;31.12.2015;55.0;0;0;250.000
noch ohne;8092;8093;kg/s;MFH_O_RW;0;2850000;01.01.2015;31.12.2015;55.0;0;0;2.850.000
noch ohne;8095;8094;kg/s;MFH_O_RW;0;1500000;01.01.2015;31.12.2015;55.0;0;0;1.500.000
noch ohne;8099;8098;kg/s;MFH_O_RW;0;2000000;01.01.2015;31.12.2015;55.0;0;0;2.000.000
DE6000648099200000000000080216843;7484;7485;kg/s;MFH_O_RW;282250;2750000;01.01.2015;31.12.2015;63.0;0;0;2.750.000
DE6000648080700000000000030010624;4892;4893;kg/s;MFH_O_RW;973250;8000000;01.01.2015;31.12.2015;60.0;0;0;1.225.890
;7571;7572;kg/s;MFH_O_RW;0;1100000;01.01.2015;31.12.2015;55.0;0;0;1.100.000
;4922;4923;kg/s;MFH_O_RW;0;8000000;01.01.2015;31.12.2015;55.0;0;0;8.000.000
;8119;8121;kg/s;MFH_O_RW;0;40000000;01.01.2015;31.12.2015;55.0;0;0;40.000.000
;8148;8147;kg/s;MFH_O_RW;0;600000;01.01.2015;31.12.2015;60.0;0;0;600.000
;8112;8113;kg/s;MFH_O_RW;0;1350000;01.01.2015;31.12.2015;60.0;0;0;1.350.000
;8151;8152;kg/s;MFH_O_RW;0;5500000;01.01.2015;31.12.2015;60.0;0;0;5.500.000
;8157;8158;kg/s;MFH_O_RW;0;1800000;01.01.2015;31.12.2015;60.0;0;0;1.800.000
;8162;8161;kg/s;MFH_O_RW;0;1500000;01.01.2015;31.12.2015;60.0;0;0;1.500.000
;4940;4941;kg/s;MFH_O_RW;0;2300000;01.01.2015;31.12.2015;60.0;0;0;2.300.000
;8185;8184;kg/s;MFH_O_RW;0;640000;01.01.2015;31.12.2015;60.0;0;0;640.000
;8192;8193;kg/s;MFH_O_RW;0;3600000;01.01.2015;31.12.2015;60.0;0;0;3.600.000
;8196;8197;kg/s;MFH_O_RW;0;1000000;01.01.2015;31.12.2015;60.0;0;0;1.000.000
