PIPEVALVE 00000126;2;0.5
PIPEVALVE 00000127;3;0.5
PIPEVALVE 00000128;4;0.5
PIPEVALVE 00000129;7;0.5
PIPEVALVE 00000130;13;0.5
PIPEVALVE 00000131;12;0.5
PIPEVALVE 00000132;18;0.5
PIPEVALVE 00000133;19;0.5
PIPEVALVE 00000134;24;0.5
PIPEVALVE 00000135;27;0.5
PIPEVALVE 00000136;28;0.5
PIPEVALVE 00000137;29;0.5
PIPEVALVE 00000138;38;0.5
PIPEVALVE 00000139;37;0.5
PIPEVALVE 00000140;43;0.5
PIPEVALVE 00000141;42;0.5
PIPEVALVE 00000376;52;0.5
PIPEVALVE 00000377;53;0.5
PIPEVALVE 00000378;57;0.5
PIPEVALVE 00000379;59;0.5
PIPEVALVE 00000380;70;0.5
PIPEVALVE 00000381;71;0.5
PIPEVALVE 00000382;76;0.5
PIPEVALVE 00000383;75;0.5
PIPEVALVE 00000384;81;0.5
PIPEVALVE 00000385;80;0.5
PIPEVALVE 00000386;86;0.5
PIPEVALVE 00000387;85;0.5
PIPEVALVE 00000388;91;0.5
PIPEVALVE 00000389;93;0.5
PIPEVALVE 00000390;98;0.5
PIPEVALVE 00000391;99;0.5
PIPEVALVE 00000392;106;0.5
PIPEVALVE 00000393;107;0.5
PIPEVALVE 00000394;120;0.5
PIPEVALVE 00000395;121;0.5
PIPEVALVE 00000396;130;0.5
PIPEVALVE 00000397;131;0.5
PIPEVALVE 00000398;124;0.5
PIPEVALVE 00000399;133;0.5
PIPEVALVE 00000400;134;0.5
PIPEVALVE 00000401;135;0.5
PIPEVALVE 00000402;138;0.5
PIPEVALVE 00000403;143;0.5
PIPEVALVE 00000406;164;0.5
PIPEVALVE 00000407;165;0.5
PIPEVALVE 00000408;168;0.5
PIPEVALVE 00000409;169;0.5
PIPEVALVE 00000410;178;0.5
PIPEVALVE 00000411;179;0.5
PIPEVALVE 00000412;184;0.5
PIPEVALVE 00000413;183;0.5
PIPEVALVE 00000414;188;0.5
PIPEVALVE 00000415;189;0.5
PIPEVALVE 00000416;198;0.5
PIPEVALVE 00000417;199;0.5
PIPEVALVE 00000418;210;0.5
PIPEVALVE 00000419;213;0.5
PIPEVALVE 00000420;194;0.5
PIPEVALVE 00000421;195;0.5
PIPEVALVE 00000422;220;0.5
PIPEVALVE 00000423;219;0.5
PIPEVALVE 00000424;204;0.5
PIPEVALVE 00000425;223;0.5
PIPEVALVE 00000426;228;0.5
PIPEVALVE 00000427;229;0.5
PIPEVALVE 00000428;234;0.5
PIPEVALVE 00000429;235;0.5
PIPEVALVE 00000430;244;0.5
PIPEVALVE 00000431;245;0.5
PIPEVALVE 00000432;248;0.5
PIPEVALVE 00000433;253;0.5
PIPEVALVE 00000434;258;0.5
PIPEVALVE 00000435;255;0.5
PIPEVALVE 00000436;260;0.5
PIPEVALVE 00000437;263;0.5
PIPEVALVE 00000438;273;0.5
PIPEVALVE 00000439;275;0.5
PIPEVALVE 00000440;278;0.5
PIPEVALVE 00000441;279;0.5
PIPEVALVE 00000442;3090;0.5
PIPEVALVE 00000443;3091;0.5
PIPEVALVE 00000444;289;0.5
PIPEVALVE 00000445;288;0.5
PIPEVALVE 00000446;301;0.5
PIPEVALVE 00000447;303;0.5
PIPEVALVE 00000448;310;0.5
PIPEVALVE 00000449;313;0.5
PIPEVALVE 00000450;318;0.5
PIPEVALVE 00000451;319;0.5
PIPEVALVE 00000452;324;0.5
PIPEVALVE 00000453;323;0.5
PIPEVALVE 00000454;328;0.5
PIPEVALVE 00000455;329;0.5
PIPEVALVE 00000456;330;0.5
PIPEVALVE 00000457;331;0.5
PIPEVALVE 00000460;304;0.5
PIPEVALVE 00000461;305;0.5
PIPEVALVE 00000462;342;0.5
PIPEVALVE 00000463;343;0.5
PIPEVALVE 00000464;350;0.5
PIPEVALVE 00000465;347;0.5
PIPEVALVE 00000466;352;0.5
PIPEVALVE 00000467;357;0.5
PIPEVALVE 00000468;359;0.5
PIPEVALVE 00000469;358;0.5
PIPEVALVE 00000474;370;0.5
PIPEVALVE 00000475;369;0.5
PIPEVALVE 00000476;374;0.5
PIPEVALVE 00000477;375;0.5
PIPEVALVE 00000478;386;0.5
PIPEVALVE 00000479;387;0.5
PIPEVALVE 00000480;390;0.5
PIPEVALVE 00000481;389;0.5
PIPEVALVE 00000482;395;0.5
PIPEVALVE 00000483;394;0.5
PIPEVALVE 00000484;404;0.5
PIPEVALVE 00000485;405;0.5
PIPEVALVE 00000486;410;0.5
PIPEVALVE 00000487;409;0.5
PIPEVALVE 00000488;419;0.5
PIPEVALVE 00000489;421;0.5
PIPEVALVE 00000490;416;0.5
PIPEVALVE 00000491;417;0.5
PIPEVALVE 00000492;399;0.5
PIPEVALVE 00000493;427;0.5
PIPEVALVE 00000494;436;0.5
PIPEVALVE 00000495;429;0.5
PIPEVALVE 00000496;439;0.5
PIPEVALVE 00000497;443;0.5
PIPEVALVE 00000498;450;0.5
PIPEVALVE 00000499;449;0.5
PIPEVALVE 00000500;459;0.5
PIPEVALVE 00000501;460;0.5
PIPEVALVE 00000502;464;0.5
PIPEVALVE 00000503;466;0.5
PIPEVALVE 00000504;475;0.5
PIPEVALVE 00000505;476;0.5
PIPEVALVE 00000506;479;0.5
PIPEVALVE 00000507;480;0.5
PIPEVALVE 00000508;489;0.5
PIPEVALVE 00000509;490;0.5
PIPEVALVE 00000510;491;0.5
PIPEVALVE 00000511;494;0.5
PIPEVALVE 00000512;505;0.5
PIPEVALVE 00000513;504;0.5
PIPEVALVE 00000514;509;0.5
PIPEVALVE 00000515;514;0.5
PIPEVALVE 00000516;519;0.5
PIPEVALVE 00000517;520;0.5
PIPEVALVE 00000518;525;0.5
PIPEVALVE 00000519;526;0.5
PIPEVALVE 00000522;535;0.5
PIPEVALVE 00000523;536;0.5
PIPEVALVE 00000524;541;0.5
PIPEVALVE 00000525;542;0.5
PIPEVALVE 00000526;547;0.5
PIPEVALVE 00000527;550;0.5
PIPEVALVE 00000528;555;0.5
PIPEVALVE 00000529;556;0.5
PIPEVALVE 00000530;561;0.5
PIPEVALVE 00000531;545;0.5
PIPEVALVE 00000532;571;0.5
PIPEVALVE 00000533;570;0.5
PIPEVALVE 00000534;581;0.5
PIPEVALVE 00000535;582;0.5
PIPEVALVE 00000536;585;0.5
PIPEVALVE 00000537;586;0.5
PIPEVALVE 00000538;595;0.5
PIPEVALVE 00000539;596;0.5
PIPEVALVE 00000540;600;0.5
PIPEVALVE 00000541;602;0.5
PIPEVALVE 00000542;605;0.5
PIPEVALVE 00000543;606;0.5
PIPEVALVE 00000544;612;0.5
PIPEVALVE 00000545;603;0.5
PIPEVALVE 00000546;623;0.5
PIPEVALVE 00000547;624;0.5
PIPEVALVE 00000548;625;0.5
PIPEVALVE 00000549;628;0.5
PIPEVALVE 00000550;635;0.5
PIPEVALVE 00000551;636;0.5
PIPEVALVE 00000552;639;0.5
PIPEVALVE 00000553;640;0.5
PIPEVALVE 00000554;649;0.5
PIPEVALVE 00000555;650;0.5
PIPEVALVE 00000556;654;0.5
PIPEVALVE 00000557;653;0.5
PIPEVALVE 00000558;661;0.5
PIPEVALVE 00000559;662;0.5
PIPEVALVE 00000560;665;0.5
PIPEVALVE 00000561;666;0.5
PIPEVALVE 00000562;668;0.5
PIPEVALVE 00000563;670;0.5
PIPEVALVE 00000564;617;0.5
PIPEVALVE 00000565;676;0.5
PIPEVALVE 00000566;3161;0.5
PIPEVALVE 00000567;680;0.5
PIPEVALVE 00000568;638;0.5
PIPEVALVE 00000569;682;0.5
PIPEVALVE 00000570;685;0.5
PIPEVALVE 00000571;629;0.5
PIPEVALVE 00000572;688;0.5
PIPEVALVE 00000573;454;0.5
PIPEVALVE 00000574;692;0.5
PIPEVALVE 00000575;461;0.5
PIPEVALVE 00000576;698;0.5
PIPEVALVE 00000577;699;0.5
PIPEVALVE 00000611;720;0.5
PIPEVALVE 00000612;719;0.5
PIPEVALVE 00000613;724;0.5
PIPEVALVE 00000614;726;0.5
PIPEVALVE 00000615;731;0.5
PIPEVALVE 00000616;732;0.5
PIPEVALVE 00000617;717;0.5
PIPEVALVE 00000618;734;0.5
PIPEVALVE 00000619;741;0.5
PIPEVALVE 00000620;742;0.5
PIPEVALVE 00000621;716;0.5
PIPEVALVE 00000622;744;0.5
PIPEVALVE 00000625;747;0.5
PIPEVALVE 00000626;748;0.5
PIPEVALVE 00000627;749;0.5
PIPEVALVE 00000628;713;0.5
PIPEVALVE 00000629;755;0.5
PIPEVALVE 00000630;752;0.5
PIPEVALVE 00000631;757;0.5
PIPEVALVE 00000632;758;0.5
PIPEVALVE 00000766;761;0.5
PIPEVALVE 00000767;712;0.5
PIPEVALVE 00000854;771;0.5
PIPEVALVE 00000855;772;0.5
PIPEVALVE 00000856;775;0.5
PIPEVALVE 00000858;807;0.5
PIPEVALVE 00000859;806;0.5
PIPEVALVE 00000892;818;0.5
PIPEVALVE 00000893;820;0.5
PIPEVALVE 00000894;821;0.5
PIPEVALVE 00000895;822;0.5
PIPEVALVE 00000896;827;0.5
PIPEVALVE 00000897;828;0.5
PIPEVALVE 00000922;855;0.5
PIPEVALVE 00000924;859;0.5
PIPEVALVE 00000925;861;0.5
PIPEVALVE 00000926;863;0.5
PIPEVALVE 00000927;865;0.5
PIPEVALVE 00000928;868;0.5
PIPEVALVE 00000929;869;0.5
PIPEVALVE 00000932;874;0.5
PIPEVALVE 00000933;3216;0.5
PIPEVALVE 00000934;879;0.5
PIPEVALVE 00000935;881;0.5
PIPEVALVE 00000938;890;0.5
PIPEVALVE 00000952;913;0.5
PIPEVALVE 00000953;914;0.5
PIPEVALVE 00000954;924;0.5
PIPEVALVE 00000955;923;0.5
PIPEVALVE 00000956;931;0.5
PIPEVALVE 00000957;932;0.5
PIPEVALVE 00000962;945;0.5
PIPEVALVE 00000963;942;0.5
PIPEVALVE 00000964;949;0.5
PIPEVALVE 00000965;952;0.5
PIPEVALVE 00000966;957;0.5
PIPEVALVE 00000967;958;0.5
PIPEVALVE 00000968;962;0.5
PIPEVALVE 00000969;964;0.5
PIPEVALVE 00000970;967;0.5
PIPEVALVE 00000971;968;0.5
PIPEVALVE 00000972;973;0.5
PIPEVALVE 00000973;974;0.5
PIPEVALVE 00000974;979;0.5
PIPEVALVE 00000975;980;0.5
PIPEVALVE 00000976;3235;0.5
PIPEVALVE 00000977;3236;0.5
PIPEVALVE 00000978;989;0.5
PIPEVALVE 00000979;3233;0.5
PIPEVALVE 00000980;981;0.5
PIPEVALVE 00000981;992;0.5
PIPEVALVE 00000982;997;0.5
PIPEVALVE 00000983;998;0.5
PIPEVALVE 00000984;1005;0.5
PIPEVALVE 00000985;1002;0.5
PIPEVALVE 00000986;1018;0.5
PIPEVALVE 00000987;1017;0.5
PIPEVALVE 00000989;1025;0.5
PIPEVALVE 00000990;1023;0.5
PIPEVALVE 00000991;1027;0.5
PIPEVALVE 00000992;1030;0.5
PIPEVALVE 00000993;1012;0.5
PIPEVALVE 00000994;1032;0.5
PIPEVALVE 00000995;1036;0.5
PIPEVALVE 00000996;1035;0.5
PIPEVALVE 00000997;1041;0.5
PIPEVALVE 00000998;1042;0.5
PIPEVALVE 00000999;1050;0.5
PIPEVALVE 00001000;1054;0.5
PIPEVALVE 00001001;1055;0.5
PIPEVALVE 00001002;1060;0.5
PIPEVALVE 00001003;1065;0.5
PIPEVALVE 00001004;1066;0.5
PIPEVALVE 00001005;1075;0.5
PIPEVALVE 00001006;1076;0.5
PIPEVALVE 00001007;1071;0.5
PIPEVALVE 00001008;1080;0.5
PIPEVALVE 00001009;1081;0.5
PIPEVALVE 00001010;1082;0.5
PIPEVALVE 00001017;3253;0.5
PIPEVALVE 00001018;3254;0.5
PIPEVALVE 00001019;1099;0.5
PIPEVALVE 00001020;1104;0.5
PIPEVALVE 00001021;1110;0.5
PIPEVALVE 00001022;1109;0.5
PIPEVALVE 00001023;1121;0.5
PIPEVALVE 00001024;1124;0.5
PIPEVALVE 00001025;1131;0.5
PIPEVALVE 00001026;1134;0.5
PIPEVALVE 00001027;1146;0.5
PIPEVALVE 00001028;1168;0.5
PIPEVALVE 00001029;2134;0.5
PIPEVALVE 00001030;2133;0.5
PIPEVALVE 00001031;1143;0.5
PIPEVALVE 00001032;1174;0.5
PIPEVALVE 00001033;2135;0.5
PIPEVALVE 00001034;2136;0.5
PIPEVALVE 00001035;1179;0.5
PIPEVALVE 00001036;1180;0.5
PIPEVALVE 00001037;2138;0.5
PIPEVALVE 00001038;1157;0.5
PIPEVALVE 00001039;1160;0.5
PIPEVALVE 00001040;1184;0.5
PIPEVALVE 00001041;1187;0.5
PIPEVALVE 00001042;1161;0.5
PIPEVALVE 00001043;1189;0.5
PIPEVALVE 00001044;1190;0.5
PIPEVALVE 00001045;1163;0.5
PIPEVALVE 00001046;1194;0.5
PIPEVALVE 00001047;2140;0.5
PIPEVALVE 00001048;2139;0.5
PIPEVALVE 00001049;1156;0.5
PIPEVALVE 00001050;1198;0.5
PIPEVALVE 00001051;1199;0.5
PIPEVALVE 00001052;1200;0.5
PIPEVALVE 00001053;1201;0.5
PIPEVALVE 00001054;1204;0.5
PIPEVALVE 00001055;1206;0.5
PIPEVALVE 00001056;1205;0.5
PIPEVALVE 00001057;1209;0.5
PIPEVALVE 00001058;1210;0.5
PIPEVALVE 00001059;1211;0.5
PIPEVALVE 00001060;1214;0.5
PIPEVALVE 00001061;3267;0.5
PIPEVALVE 00001062;7982;0.5
PIPEVALVE 00001063;1219;0.5
PIPEVALVE 00001064;1220;0.5
PIPEVALVE 00001065;1224;0.5
PIPEVALVE 00001066;1228;0.5
PIPEVALVE 00001067;1229;0.5
PIPEVALVE 00001068;1234;0.5
PIPEVALVE 00001069;1247;0.5
PIPEVALVE 00001070;1248;0.5
PIPEVALVE 00001071;1257;0.5
PIPEVALVE 00001072;1258;0.5
PIPEVALVE 00001073;1269;0.5
PIPEVALVE 00001074;1270;0.5
PIPEVALVE 00001075;1275;0.5
PIPEVALVE 00001076;1272;0.5
PIPEVALVE 00001077;1277;0.5
PIPEVALVE 00001078;1278;0.5
PIPEVALVE 00001079;3846;0.5
PIPEVALVE 00001080;1231;0.5
PIPEVALVE 00001081;1282;0.5
PIPEVALVE 00001082;1287;0.5
PIPEVALVE 00001083;1290;0.5
PIPEVALVE 00001084;1295;0.5
PIPEVALVE 00001085;1299;0.5
PIPEVALVE 00001086;1300;0.5
PIPEVALVE 00001087;3292;0.5
PIPEVALVE 00001088;1302;0.5
PIPEVALVE 00001091;3296;0.5
PIPEVALVE 00001092;3508;0.5
PIPEVALVE 00001093;1315;0.5
PIPEVALVE 00001094;1316;0.5
PIPEVALVE 00001095;1320;0.5
PIPEVALVE 00001096;1322;0.5
PIPEVALVE 00001097;1328;0.5
PIPEVALVE 00001098;1379;0.5
PIPEVALVE 00001099;1380;0.5
PIPEVALVE 00001100;1376;0.5
PIPEVALVE 00001101;1367;0.5
PIPEVALVE 00001102;1383;0.5
PIPEVALVE 00001103;1386;0.5
PIPEVALVE 00001104;3339;0.5
PIPEVALVE 00001105;1355;0.5
PIPEVALVE 00001106;1356;0.5
PIPEVALVE 00001109;1392;0.5
PIPEVALVE 00001110;1393;0.5
PIPEVALVE 00001111;1394;0.5
PIPEVALVE 00001112;1395;0.5
PIPEVALVE 00001113;1396;0.5
PIPEVALVE 00001114;1329;0.5
PIPEVALVE 00001117;1400;0.5
PIPEVALVE 00001118;1401;0.5
PIPEVALVE 00001119;1349;0.5
PIPEVALVE 00001120;1350;0.5
PIPEVALVE 00001121;1404;0.5
PIPEVALVE 00001122;1405;0.5
PIPEVALVE 00001123;1410;0.5
PIPEVALVE 00001124;1411;0.5
PIPEVALVE 00001125;1414;0.5
PIPEVALVE 00001126;1415;0.5
PIPEVALVE 00001127;1340;0.5
PIPEVALVE 00001128;1339;0.5
PIPEVALVE 00001129;1419;0.5
PIPEVALVE 00001130;1338;0.5
PIPEVALVE 00001131;1336;0.5
PIPEVALVE 00001132;1424;0.5
PIPEVALVE 00001133;1343;0.5
PIPEVALVE 00001134;1344;0.5
PIPEVALVE 00001135;1375;0.5
PIPEVALVE 00001136;1429;0.5
PIPEVALVE 00001137;1431;0.5
PIPEVALVE 00001138;1432;0.5
PIPEVALVE 00001139;1433;0.5
PIPEVALVE 00001140;1434;0.5
PIPEVALVE 00001141;1438;0.5
PIPEVALVE 00001142;1440;0.5
PIPEVALVE 00001143;1443;0.5
PIPEVALVE 00001144;1444;0.5
PIPEVALVE 00001145;1446;0.5
PIPEVALVE 00001146;1448;0.5
PIPEVALVE 00001147;1450;0.5
PIPEVALVE 00001148;1449;0.5
PIPEVALVE 00001149;1454;0.5
PIPEVALVE 00001150;1453;0.5
PIPEVALVE 00001151;1458;0.5
PIPEVALVE 00001152;1460;0.5
PIPEVALVE 00001153;1463;0.5
PIPEVALVE 00001154;1464;0.5
PIPEVALVE 00001155;1465;0.5
PIPEVALVE 00001156;1468;0.5
PIPEVALVE 00001157;1470;0.5
PIPEVALVE 00001158;1469;0.5
PIPEVALVE 00001159;1474;0.5
PIPEVALVE 00001160;1473;0.5
PIPEVALVE 00001161;1479;0.5
PIPEVALVE 00001162;1478;0.5
PIPEVALVE 00001163;1483;0.5
PIPEVALVE 00001164;1484;0.5
PIPEVALVE 00001165;1486;0.5
PIPEVALVE 00001166;1488;0.5
PIPEVALVE 00001167;1490;0.5
PIPEVALVE 00001168;1489;0.5
PIPEVALVE 00001169;1493;0.5
PIPEVALVE 00001170;1494;0.5
PIPEVALVE 00001171;1498;0.5
PIPEVALVE 00001172;1500;0.5
PIPEVALVE 00001173;1503;0.5
PIPEVALVE 00001174;1504;0.5
PIPEVALVE 00001175;1505;0.5
PIPEVALVE 00001176;1508;0.5
PIPEVALVE 00001177;1509;0.5
PIPEVALVE 00001178;1510;0.5
PIPEVALVE 00001179;1513;0.5
PIPEVALVE 00001180;1514;0.5
PIPEVALVE 00001185;1534;0.5
PIPEVALVE 00001186;1523;0.5
PIPEVALVE 00001187;1536;0.5
PIPEVALVE 00001188;1521;0.5
PIPEVALVE 00001189;3350;0.5
PIPEVALVE 00001190;1541;0.5
PIPEVALVE 00001191;1543;0.5
PIPEVALVE 00001192;1542;0.5
PIPEVALVE 00001193;1546;0.5
PIPEVALVE 00001194;1518;0.5
PIPEVALVE 00001195;1554;0.5
PIPEVALVE 00001196;1555;0.5
PIPEVALVE 00001197;1559;0.5
PIPEVALVE 00001198;1558;0.5
PIPEVALVE 00001201;1371;0.5
PIPEVALVE 00001202;1561;0.5
PIPEVALVE 00001203;1565;0.5
PIPEVALVE 00001204;1567;0.5
PIPEVALVE 00001205;1570;0.5
PIPEVALVE 00001206;1571;0.5
PIPEVALVE 00001207;1576;0.5
PIPEVALVE 00001208;1575;0.5
PIPEVALVE 00001209;1581;0.5
PIPEVALVE 00001210;1528;0.5
PIPEVALVE 00001211;1585;0.5
PIPEVALVE 00001212;1586;0.5
PIPEVALVE 00001213;1593;0.5
PIPEVALVE 00001214;1590;0.5
PIPEVALVE 00001215;1580;0.5
PIPEVALVE 00001216;1600;0.5
PIPEVALVE 00001217;1606;0.5
PIPEVALVE 00001218;1605;0.5
PIPEVALVE 00001219;1618;0.5
PIPEVALVE 00001220;1619;0.5
PIPEVALVE 00001221;1620;0.5
PIPEVALVE 00001222;1623;0.5
PIPEVALVE 00001223;1628;0.5
PIPEVALVE 00001224;1629;0.5
PIPEVALVE 00001225;1634;0.5
PIPEVALVE 00001226;1633;0.5
PIPEVALVE 00001227;1630;0.5
PIPEVALVE 00001228;1631;0.5
PIPEVALVE 00001229;1638;0.5
PIPEVALVE 00001230;1643;0.5
PIPEVALVE 00001231;1645;0.5
PIPEVALVE 00001232;1644;0.5
PIPEVALVE 00001233;1648;0.5
PIPEVALVE 00001234;1653;0.5
PIPEVALVE 00001235;1655;0.5
PIPEVALVE 00001236;1654;0.5
PIPEVALVE 00001237;1660;0.5
PIPEVALVE 00001238;1663;0.5
PIPEVALVE 00001239;1664;0.5
PIPEVALVE 00001240;3378;0.5
PIPEVALVE 00001241;1691;0.5
PIPEVALVE 00001242;3383;0.5
PIPEVALVE 00001243;1696;0.5
PIPEVALVE 00001244;1694;0.5
PIPEVALVE 00001245;1692;0.5
PIPEVALVE 00001246;1699;0.5
PIPEVALVE 00001247;1700;0.5
PIPEVALVE 00001248;1688;0.5
PIPEVALVE 00001249;1686;0.5
PIPEVALVE 00001250;1687;0.5
PIPEVALVE 00001251;1704;0.5
PIPEVALVE 00001252;1705;0.5
PIPEVALVE 00001255;1709;0.5
PIPEVALVE 00001256;1710;0.5
PIPEVALVE 00001257;1670;0.5
PIPEVALVE 00001258;1671;0.5
PIPEVALVE 00001259;1713;0.5
PIPEVALVE 00001260;1714;0.5
PIPEVALVE 00001261;1719;0.5
PIPEVALVE 00001262;1718;0.5
PIPEVALVE 00001263;1723;0.5
PIPEVALVE 00001264;1724;0.5
PIPEVALVE 00001265;1725;0.5
PIPEVALVE 00001266;1728;0.5
PIPEVALVE 00001267;1733;0.5
PIPEVALVE 00001268;1734;0.5
PIPEVALVE 00001269;1736;0.5
PIPEVALVE 00001270;1738;0.5
PIPEVALVE 00001271;1743;0.5
PIPEVALVE 00001272;1744;0.5
PIPEVALVE 00001273;1746;0.5
PIPEVALVE 00001274;1748;0.5
PIPEVALVE 00001275;1749;0.5
PIPEVALVE 00001276;1750;0.5
PIPEVALVE 00001277;1753;0.5
PIPEVALVE 00001278;1754;0.5
PIPEVALVE 00001279;1758;0.5
PIPEVALVE 00001280;1760;0.5
PIPEVALVE 00001281;1763;0.5
PIPEVALVE 00001282;1764;0.5
PIPEVALVE 00001283;1773;0.5
PIPEVALVE 00001284;1774;0.5
PIPEVALVE 00001285;1779;0.5
PIPEVALVE 00001286;1778;0.5
PIPEVALVE 00001287;1783;0.5
PIPEVALVE 00001288;1784;0.5
PIPEVALVE 00001289;1789;0.5
PIPEVALVE 00001290;1788;0.5
PIPEVALVE 00001291;3409;0.5
PIPEVALVE 00001292;1666;0.5
PIPEVALVE 00001293;1797;0.5
PIPEVALVE 00001294;1796;0.5
PIPEVALVE 00001295;3425;0.5
PIPEVALVE 00001296;1614;0.5
PIPEVALVE 00001297;3964;0.5
PIPEVALVE 00001298;3392;0.5
PIPEVALVE 00001299;1806;0.5
PIPEVALVE 00001300;1807;0.5
PIPEVALVE 00001301;1808;0.5
PIPEVALVE 00001302;1811;0.5
PIPEVALVE 00001303;1816;0.5
PIPEVALVE 00001304;1817;0.5
PIPEVALVE 00001305;1818;0.5
PIPEVALVE 00001306;1821;0.5
PIPEVALVE 00001307;1823;0.5
PIPEVALVE 00001308;1822;0.5
PIPEVALVE 00001309;1826;0.5
PIPEVALVE 00001310;1827;0.5
PIPEVALVE 00001311;1830;0.5
PIPEVALVE 00001312;1831;0.5
PIPEVALVE 00001313;1838;0.5
PIPEVALVE 00001314;3045;0.5
PIPEVALVE 00001315;1843;0.5
PIPEVALVE 00001316;1844;0.5
PIPEVALVE 00001317;1845;0.5
PIPEVALVE 00001318;1848;0.5
PIPEVALVE 00001319;1853;0.5
PIPEVALVE 00001320;1854;0.5
PIPEVALVE 00001321;1855;0.5
PIPEVALVE 00001322;1856;0.5
PIPEVALVE 00001323;1791;0.5
PIPEVALVE 00001324;1792;0.5
PIPEVALVE 00001325;1865;0.5
PIPEVALVE 00001326;1866;0.5
PIPEVALVE 00001327;1867;0.5
PIPEVALVE 00001328;1868;0.5
PIPEVALVE 00001329;1937;0.5
PIPEVALVE 00001330;1938;0.5
PIPEVALVE 00001331;1940;0.5
PIPEVALVE 00001332;1942;0.5
PIPEVALVE 00001333;1947;0.5
PIPEVALVE 00001334;1948;0.5
PIPEVALVE 00001335;1952;0.5
PIPEVALVE 00001336;1954;0.5
PIPEVALVE 00001337;1957;0.5
PIPEVALVE 00001338;1958;0.5
PIPEVALVE 00001339;1959;0.5
PIPEVALVE 00001340;1961;0.5
PIPEVALVE 00001341;1962;0.5
PIPEVALVE 00001342;1963;0.5
PIPEVALVE 00001343;3442;0.5
PIPEVALVE 00001344;3441;0.5
PIPEVALVE 00001345;1882;0.5
PIPEVALVE 00001346;1883;0.5
PIPEVALVE 00001347;1971;0.5
PIPEVALVE 00001348;1970;0.5
PIPEVALVE 00001349;1975;0.5
PIPEVALVE 00001350;1974;0.5
PIPEVALVE 00001351;1980;0.5
PIPEVALVE 00001352;1979;0.5
PIPEVALVE 00001353;1884;0.5
PIPEVALVE 00001359;1984;0.5
PIPEVALVE 00001360;1985;0.5
PIPEVALVE 00001361;1987;0.5
PIPEVALVE 00001362;1986;0.5
PIPEVALVE 00001363;1993;0.5
PIPEVALVE 00001364;1995;0.5
PIPEVALVE 00001365;1996;0.5
PIPEVALVE 00001366;1997;0.5
PIPEVALVE 00001367;2004;0.5
PIPEVALVE 00001368;2003;0.5
PIPEVALVE 00001369;2008;0.5
PIPEVALVE 00001370;1929;0.5
PIPEVALVE 00001371;2007;0.5
PIPEVALVE 00001372;2006;0.5
PIPEVALVE 00001373;2016;0.5
PIPEVALVE 00001374;2017;0.5
PIPEVALVE 00001375;2014;0.5
PIPEVALVE 00001376;2021;0.5
PIPEVALVE 00001377;1923;0.5
PIPEVALVE 00001378;1922;0.5
PIPEVALVE 00001379;2023;0.5
PIPEVALVE 00001380;2024;0.5
PIPEVALVE 00001381;2025;0.5
PIPEVALVE 00001382;2030;0.5
PIPEVALVE 00001388;2032;0.5
PIPEVALVE 00001391;2941;0.5
PIPEVALVE 00001392;2034;0.5
PIPEVALVE 00001397;1927;0.5
PIPEVALVE 00001398;1928;0.5
PIPEVALVE 00001399;2040;0.5
PIPEVALVE 00001400;2041;0.5
PIPEVALVE 00001401;1932;0.5
PIPEVALVE 00001402;2045;0.5
PIPEVALVE 00001403;2052;0.5
PIPEVALVE 00001404;2050;0.5
PIPEVALVE 00001405;1934;0.5
PIPEVALVE 00001406;2055;0.5
PIPEVALVE 00001407;2056;0.5
PIPEVALVE 00001408;2057;0.5
PIPEVALVE 00001409;1876;0.5
PIPEVALVE 00001410;2061;0.5
PIPEVALVE 00001411;1943;0.5
PIPEVALVE 00001412;2063;0.5
PIPEVALVE 00001413;3258;0.5
PIPEVALVE 00001414;2065;0.5
PIPEVALVE 00001415;2068;0.5
PIPEVALVE 00001416;2069;0.5
PIPEVALVE 00001417;3491;0.5
PIPEVALVE 00001418;1905;0.5
PIPEVALVE 00001419;2072;0.5
PIPEVALVE 00001420;1902;0.5
PIPEVALVE 00001421;1899;0.5
PIPEVALVE 00001422;1898;0.5
PIPEVALVE 00001423;2076;0.5
PIPEVALVE 00001424;2081;0.5
PIPEVALVE 00001425;2086;0.5
PIPEVALVE 00001426;2087;0.5
PIPEVALVE 00001427;2089;0.5
PIPEVALVE 00001428;2091;0.5
PIPEVALVE 00001429;2096;0.5
PIPEVALVE 00001430;2097;0.5
PIPEVALVE 00001431;3503;0.5
PIPEVALVE 00001432;3502;0.5
PIPEVALVE 00001433;2100;0.5
PIPEVALVE 00001434;2101;0.5
PIPEVALVE 00001435;2102;0.5
PIPEVALVE 00001436;1917;0.5
PIPEVALVE 00001437;2105;0.5
PIPEVALVE 00001438;2104;0.5
PIPEVALVE 00001439;2112;0.5
PIPEVALVE 00001440;2111;0.5
PIPEVALVE 00001441;2114;0.5
PIPEVALVE 00001442;2115;0.5
PIPEVALVE 00001443;1913;0.5
PIPEVALVE 00001444;1912;0.5
PIPEVALVE 00001445;2119;0.5
PIPEVALVE 00001446;2120;0.5
PIPEVALVE 00001447;2123;0.5
PIPEVALVE 00001448;2124;0.5
PIPEVALVE 00001449;1918;0.5
PIPEVALVE 00001450;2128;0.5
PIPEVALVE 00001451;2130;0.5
PIPEVALVE 00001452;2129;0.5
PIPEVALVE 00001453;2145;0.5
PIPEVALVE 00001454;2148;0.5
PIPEVALVE 00001455;2159;0.5
PIPEVALVE 00001456;2160;0.5
PIPEVALVE 00001457;2165;0.5
PIPEVALVE 00001459;3509;0.5
PIPEVALVE 00001460;2172;0.5
PIPEVALVE 00001461;2177;0.5
PIPEVALVE 00001462;2178;0.5
PIPEVALVE 00001463;2188;0.5
PIPEVALVE 00001464;2187;0.5
PIPEVALVE 00001465;2192;0.5
PIPEVALVE 00001467;2198;0.5
PIPEVALVE 00001468;2199;0.5
PIPEVALVE 00001479;2211;0.5
PIPEVALVE 00001480;2213;0.5
PIPEVALVE 00001481;2216;0.5
PIPEVALVE 00001482;2222;0.5
PIPEVALVE 00001483;2235;0.5
PIPEVALVE 00001484;2236;0.5
PIPEVALVE 00001485;2237;0.5
PIPEVALVE 00001486;2227;0.5
PIPEVALVE 00001490;2247;0.5
PIPEVALVE 00001491;2248;0.5
PIPEVALVE 00001492;2249;0.5
PIPEVALVE 00001493;2261;0.5
PIPEVALVE 00001494;2262;0.5
PIPEVALVE 00001495;2267;0.5
PIPEVALVE 00001496;2268;0.5
PIPEVALVE 00001497;2272;0.5
PIPEVALVE 00001498;2274;0.5
PIPEVALVE 00001499;2282;0.5
PIPEVALVE 00001500;2284;0.5
PIPEVALVE 00001501;2295;0.5
PIPEVALVE 00001502;2293;0.5
PIPEVALVE 00001503;3549;0.5
PIPEVALVE 00001504;3550;0.5
PIPEVALVE 00001505;2308;0.5
PIPEVALVE 00001506;2309;0.5
PIPEVALVE 00001507;2316;0.5
PIPEVALVE 00001508;2317;0.5
PIPEVALVE 00001511;2320;0.5
PIPEVALVE 00001512;2321;0.5
PIPEVALVE 00001513;2324;0.5
PIPEVALVE 00001514;2329;0.5
PIPEVALVE 00001519;8099;0.5
PIPEVALVE 00001520;2347;0.5
PIPEVALVE 00001523;2353;0.5
PIPEVALVE 00001524;2355;0.5
PIPEVALVE 00001529;2374;0.5
PIPEVALVE 00001530;3542;0.5
PIPEVALVE 00001531;3543;0.5
PIPEVALVE 00001532;3544;0.5
PIPEVALVE 00001533;2378;0.5
PIPEVALVE 00001534;3608;0.5
PIPEVALVE 00001535;2390;0.5
PIPEVALVE 00001536;2391;0.5
PIPEVALVE 00001537;2387;0.5
PIPEVALVE 00001538;2393;0.5
PIPEVALVE 00001539;3554;0.5
PIPEVALVE 00001540;2395;0.5
PIPEVALVE 00001541;2421;0.5
PIPEVALVE 00001542;2420;0.5
PIPEVALVE 00001543;2427;0.5
PIPEVALVE 00001544;2426;0.5
PIPEVALVE 00001547;2432;0.5
PIPEVALVE 00001548;2433;0.5
PIPEVALVE 00001549;2436;0.5
PIPEVALVE 00001550;2437;0.5
PIPEVALVE 00001551;2442;0.5
PIPEVALVE 00001552;2441;0.5
PIPEVALVE 00001553;2446;0.5
PIPEVALVE 00001554;2447;0.5
PIPEVALVE 00001555;2452;0.5
PIPEVALVE 00001556;2451;0.5
PIPEVALVE 00001557;2461;0.5
PIPEVALVE 00001558;2454;0.5
PIPEVALVE 00001559;2457;0.5
PIPEVALVE 00001560;2456;0.5
PIPEVALVE 00001561;2466;0.5
PIPEVALVE 00001562;2467;0.5
PIPEVALVE 00001595;2486;0.5
PIPEVALVE 00001596;2487;0.5
PIPEVALVE 00001597;2488;0.5
PIPEVALVE 00001598;2489;0.5
PIPEVALVE 00001959;2500;0.5
PIPEVALVE 00001960;2502;0.5
PIPEVALVE 00001961;2505;0.5
PIPEVALVE 00001962;2508;0.5
PIPEVALVE 00001969;2531;0.5
PIPEVALVE 00001970;2532;0.5
PIPEVALVE 00001973;3578;0.5
PIPEVALVE 00001974;2546;0.5
PIPEVALVE 00001975;2559;0.5
PIPEVALVE 00001976;2553;0.5
PIPEVALVE 00001977;2561;0.5
PIPEVALVE 00001978;2566;0.5
PIPEVALVE 00001981;3051;0.5
PIPEVALVE 00001982;2572;0.5
PIPEVALVE 00001983;2577;0.5
PIPEVALVE 00001984;2582;0.5
PIPEVALVE 00001987;2589;0.5
PIPEVALVE 00001988;2588;0.5
PIPEVALVE 00001989;2595;0.5
PIPEVALVE 00001990;2596;0.5
PIPEVALVE 00001991;2603;0.5
PIPEVALVE 00001992;2604;0.5
PIPEVALVE 00001993;2607;0.5
PIPEVALVE 00001994;2606;0.5
PIPEVALVE 00001995;2613;0.5
PIPEVALVE 00001996;2614;0.5
PIPEVALVE 00001997;2621;0.5
PIPEVALVE 00001998;2619;0.5
PIPEVALVE 00001999;2627;0.5
PIPEVALVE 00002000;2630;0.5
PIPEVALVE 00002001;2632;0.5
PIPEVALVE 00002002;2634;0.5
PIPEVALVE 00002003;2643;0.5
PIPEVALVE 00002004;2641;0.5
PIPEVALVE 00002005;2646;0.5
PIPEVALVE 00002006;2645;0.5
PIPEVALVE 00002007;2649;0.5
PIPEVALVE 00002008;2650;0.5
PIPEVALVE 00002009;2659;0.5
PIPEVALVE 00002010;2660;0.5
PIPEVALVE 00002011;2661;0.5
PIPEVALVE 00002012;2664;0.5
PIPEVALVE 00002016;2671;0.5
PIPEVALVE 00002018;2672;0.5
PIPEVALVE 00002019;2673;0.5
PIPEVALVE 00002276;2680;0.5
PIPEVALVE 00002277;2681;0.5
PIPEVALVE 00002278;2690;0.5
PIPEVALVE 00002279;2686;0.5
PIPEVALVE 00002280;2694;0.5
PIPEVALVE 00002281;2695;0.5
PIPEVALVE 00002282;2696;0.5
PIPEVALVE 00002283;2699;0.5
PIPEVALVE 00002284;2704;0.5
PIPEVALVE 00002285;2705;0.5
PIPEVALVE 00002300;2712;0.5
PIPEVALVE 00002301;2713;0.5
PIPEVALVE 00002302;2714;0.5
PIPEVALVE 00002303;3610;0.5
PIPEVALVE 00002304;2720;0.5
PIPEVALVE 00002305;2721;0.5
PIPEVALVE 00002306;2723;0.5
PIPEVALVE 00002307;2725;0.5
PIPEVALVE 00002310;2732;0.5
PIPEVALVE 00002311;2733;0.5
PIPEVALVE 00002313;2737;0.5
PIPEVALVE 00002317;3614;0.5
PIPEVALVE 00002320;3620;0.5
PIPEVALVE 00002321;3622;0.5
PIPEVALVE 00002322;2758;0.5
PIPEVALVE 00002323;2757;0.5
PIPEVALVE 00002324;2761;0.5
PIPEVALVE 00002325;2766;0.5
PIPEVALVE 00002326;2771;0.5
PIPEVALVE 00002327;3625;0.5
PIPEVALVE 00002328;2787;0.5
PIPEVALVE 00002329;2788;0.5
PIPEVALVE 00002330;2774;0.5
PIPEVALVE 00002331;2794;0.5
PIPEVALVE 00002332;3632;0.5
PIPEVALVE 00002333;7761;0.5
PIPEVALVE 00002346;2816;0.5
PIPEVALVE 00002347;2817;0.5
PIPEVALVE 00002348;2818;0.5
PIPEVALVE 00002349;2819;0.5
PIPEVALVE 00002350;3640;0.5
PIPEVALVE 00002351;2825;0.5
PIPEVALVE 00002354;2822;0.5
PIPEVALVE 00002355;2823;0.5
PIPEVALVE 00002360;2830;0.5
PIPEVALVE 00002361;2829;0.5
PIPEVALVE 00002362;2834;0.5
PIPEVALVE 00002363;2835;0.5
PIPEVALVE 00002364;2844;0.5
PIPEVALVE 00002365;2845;0.5
PIPEVALVE 00002368;2851;0.5
PIPEVALVE 00002370;2866;0.5
PIPEVALVE 00002371;2867;0.5
PIPEVALVE 00002372;2870;0.5
PIPEVALVE 00002373;2861;0.5
PIPEVALVE 00002388;2876;0.5
PIPEVALVE 00002389;2877;0.5
PIPEVALVE 00002415;588;0.5
PIPEVALVE 00002416;2879;0.5
PIPEVALVE 00002417;2880;0.5
PIPEVALVE 00002418;2881;0.5
PIPEVALVE 00002427;3661;0.5
PIPEVALVE 00002431;3666;0.5
PIPEVALVE 00002432;3665;0.5
PIPEVALVE 00002433;2896;0.5
PIPEVALVE 00002434;2897;0.5
PIPEVALVE 00002435;2902;0.5
PIPEVALVE 00002436;2903;0.5
PIPEVALVE 00002442;3672;0.5
PIPEVALVE 00002448;2924;0.5
PIPEVALVE 00002449;2925;0.5
PIPEVALVE 00002450;2927;0.5
PIPEVALVE 00002451;2928;0.5
PIPEVALVE 00002452;2939;0.5
PIPEVALVE 00002453;2933;0.5
PIPEVALVE 00002454;2947;0.5
PIPEVALVE 00002455;2948;0.5
PIPEVALVE 00002456;2951;0.5
PIPEVALVE 00002457;2952;0.5
PIPEVALVE 00002458;2961;0.5
PIPEVALVE 00002459;2962;0.5
PIPEVALVE 00002460;2967;0.5
PIPEVALVE 00002461;2968;0.5
PIPEVALVE 00002462;2971;0.5
PIPEVALVE 00002463;2972;0.5
PIPEVALVE 00002464;2979;0.5
PIPEVALVE 00002465;2976;0.5
PIPEVALVE 00002466;8144;0.5
PIPEVALVE 00002467;2984;0.5
PIPEVALVE 00002474;2995;0.5
PIPEVALVE 00002475;2994;0.5
PIPEVALVE 00002621;3003;0.5
PIPEVALVE 00002622;3004;0.5
PIPEVALVE 00002623;3009;0.5
PIPEVALVE 00002624;3008;0.5
PIPEVALVE 00002625;3014;0.5
PIPEVALVE 00002626;3017;0.5
PIPEVALVE 00002627;3029;0.5
PIPEVALVE 00002628;3030;0.5
PIPEVALVE 00002637;3037;0.5
PIPEVALVE 00002638;3038;0.5
PIPEVALVE 00002960;2;0.5
PIPEVALVE 00002961;3;0.5
PIPEVALVE 00002962;4;0.5
PIPEVALVE 00002963;7;0.5
PIPEVALVE 00002964;13;0.5
PIPEVALVE 00002965;12;0.5
PIPEVALVE 00002966;18;0.5
PIPEVALVE 00002967;19;0.5
PIPEVALVE 00002968;24;0.5
PIPEVALVE 00002969;27;0.5
PIPEVALVE 00002970;28;0.5
PIPEVALVE 00002971;29;0.5
PIPEVALVE 00002972;38;0.5
PIPEVALVE 00002973;37;0.5
PIPEVALVE 00002974;43;0.5
PIPEVALVE 00002975;42;0.5
PIPEVALVE 00003210;52;0.5
PIPEVALVE 00003211;53;0.5
PIPEVALVE 00003212;57;0.5
PIPEVALVE 00003213;59;0.5
PIPEVALVE 00003214;70;0.5
PIPEVALVE 00003215;71;0.5
PIPEVALVE 00003216;76;0.5
PIPEVALVE 00003217;75;0.5
PIPEVALVE 00003218;81;0.5
PIPEVALVE 00003219;80;0.5
PIPEVALVE 00003220;86;0.5
PIPEVALVE 00003221;85;0.5
PIPEVALVE 00003222;91;0.5
PIPEVALVE 00003223;93;0.5
PIPEVALVE 00003224;98;0.5
PIPEVALVE 00003225;99;0.5
PIPEVALVE 00003226;106;0.5
PIPEVALVE 00003227;107;0.5
PIPEVALVE 00003228;120;0.5
PIPEVALVE 00003229;121;0.5
PIPEVALVE 00003230;130;0.5
PIPEVALVE 00003231;131;0.5
PIPEVALVE 00003232;124;0.5
PIPEVALVE 00003233;133;0.5
PIPEVALVE 00003234;134;0.5
PIPEVALVE 00003235;135;0.5
PIPEVALVE 00003236;138;0.5
PIPEVALVE 00003237;143;0.5
PIPEVALVE 00003240;164;0.5
PIPEVALVE 00003241;165;0.5
PIPEVALVE 00003242;168;0.5
PIPEVALVE 00003243;169;0.5
PIPEVALVE 00003244;178;0.5
PIPEVALVE 00003245;179;0.5
PIPEVALVE 00003246;184;0.5
PIPEVALVE 00003247;183;0.5
PIPEVALVE 00003248;188;0.5
PIPEVALVE 00003249;189;0.5
PIPEVALVE 00003250;198;0.5
PIPEVALVE 00003251;199;0.5
PIPEVALVE 00003252;210;0.5
PIPEVALVE 00003253;213;0.5
PIPEVALVE 00003254;194;0.5
PIPEVALVE 00003255;195;0.5
PIPEVALVE 00003256;220;0.5
PIPEVALVE 00003257;219;0.5
PIPEVALVE 00003258;204;0.5
PIPEVALVE 00003259;223;0.5
PIPEVALVE 00003260;228;0.5
PIPEVALVE 00003261;229;0.5
PIPEVALVE 00003262;234;0.5
PIPEVALVE 00003263;235;0.5
PIPEVALVE 00003264;244;0.5
PIPEVALVE 00003265;245;0.5
PIPEVALVE 00003266;248;0.5
PIPEVALVE 00003267;253;0.5
PIPEVALVE 00003268;258;0.5
PIPEVALVE 00003269;255;0.5
PIPEVALVE 00003270;260;0.5
PIPEVALVE 00003271;263;0.5
PIPEVALVE 00003272;273;0.5
PIPEVALVE 00003273;275;0.5
PIPEVALVE 00003274;278;0.5
PIPEVALVE 00003275;279;0.5
PIPEVALVE 00003276;3090;0.5
PIPEVALVE 00003277;3091;0.5
PIPEVALVE 00003278;289;0.5
PIPEVALVE 00003279;288;0.5
PIPEVALVE 00003280;301;0.5
PIPEVALVE 00003281;303;0.5
PIPEVALVE 00003282;310;0.5
PIPEVALVE 00003283;313;0.5
PIPEVALVE 00003284;318;0.5
PIPEVALVE 00003285;319;0.5
PIPEVALVE 00003286;324;0.5
PIPEVALVE 00003287;323;0.5
PIPEVALVE 00003288;328;0.5
PIPEVALVE 00003289;329;0.5
PIPEVALVE 00003290;330;0.5
PIPEVALVE 00003291;331;0.5
PIPEVALVE 00003294;304;0.5
PIPEVALVE 00003295;305;0.5
PIPEVALVE 00003296;342;0.5
PIPEVALVE 00003298;350;0.5
PIPEVALVE 00003299;347;0.5
PIPEVALVE 00003300;352;0.5
PIPEVALVE 00003301;357;0.5
PIPEVALVE 00003302;359;0.5
PIPEVALVE 00003303;358;0.5
PIPEVALVE 00003308;370;0.5
PIPEVALVE 00003309;369;0.5
PIPEVALVE 00003310;374;0.5
PIPEVALVE 00003311;375;0.5
PIPEVALVE 00003312;386;0.5
PIPEVALVE 00003313;387;0.5
PIPEVALVE 00003314;390;0.5
PIPEVALVE 00003315;389;0.5
PIPEVALVE 00003316;395;0.5
PIPEVALVE 00003317;394;0.5
PIPEVALVE 00003318;404;0.5
PIPEVALVE 00003319;405;0.5
PIPEVALVE 00003320;410;0.5
PIPEVALVE 00003321;409;0.5
PIPEVALVE 00003322;419;0.5
PIPEVALVE 00003323;421;0.5
PIPEVALVE 00003324;416;0.5
PIPEVALVE 00003325;417;0.5
PIPEVALVE 00003326;399;0.5
PIPEVALVE 00003327;427;0.5
PIPEVALVE 00003328;436;0.5
PIPEVALVE 00003329;429;0.5
PIPEVALVE 00003330;439;0.5
PIPEVALVE 00003331;443;0.5
PIPEVALVE 00003332;450;0.5
PIPEVALVE 00003333;449;0.5
PIPEVALVE 00003334;459;0.5
PIPEVALVE 00003335;460;0.5
PIPEVALVE 00003336;464;0.5
PIPEVALVE 00003337;466;0.5
PIPEVALVE 00003338;475;0.5
PIPEVALVE 00003339;476;0.5
PIPEVALVE 00003340;479;0.5
PIPEVALVE 00003341;480;0.5
PIPEVALVE 00003342;489;0.5
PIPEVALVE 00003343;490;0.5
PIPEVALVE 00003344;491;0.5
PIPEVALVE 00003345;494;0.5
PIPEVALVE 00003346;505;0.5
PIPEVALVE 00003347;504;0.5
PIPEVALVE 00003348;509;0.5
PIPEVALVE 00003349;514;0.5
PIPEVALVE 00003350;519;0.5
PIPEVALVE 00003351;520;0.5
PIPEVALVE 00003352;525;0.5
PIPEVALVE 00003353;526;0.5
PIPEVALVE 00003356;535;0.5
PIPEVALVE 00003357;536;0.5
PIPEVALVE 00003358;541;0.5
PIPEVALVE 00003359;542;0.5
PIPEVALVE 00003360;547;0.5
PIPEVALVE 00003361;550;0.5
PIPEVALVE 00003362;555;0.5
PIPEVALVE 00003363;556;0.5
PIPEVALVE 00003364;561;0.5
PIPEVALVE 00003365;545;0.5
PIPEVALVE 00003366;571;0.5
PIPEVALVE 00003367;570;0.5
PIPEVALVE 00003368;581;0.5
PIPEVALVE 00003369;582;0.5
PIPEVALVE 00003370;585;0.5
PIPEVALVE 00003371;586;0.5
PIPEVALVE 00003372;595;0.5
PIPEVALVE 00003373;596;0.5
PIPEVALVE 00003374;600;0.5
PIPEVALVE 00003375;602;0.5
PIPEVALVE 00003376;605;0.5
PIPEVALVE 00003377;606;0.5
PIPEVALVE 00003378;612;0.5
PIPEVALVE 00003379;603;0.5
PIPEVALVE 00003380;623;0.5
PIPEVALVE 00003381;624;0.5
PIPEVALVE 00003382;625;0.5
PIPEVALVE 00003383;628;0.5
PIPEVALVE 00003384;635;0.5
PIPEVALVE 00003385;636;0.5
PIPEVALVE 00003386;639;0.5
PIPEVALVE 00003387;640;0.5
PIPEVALVE 00003388;649;0.5
PIPEVALVE 00003389;650;0.5
PIPEVALVE 00003390;654;0.5
PIPEVALVE 00003391;653;0.5
PIPEVALVE 00003392;661;0.5
PIPEVALVE 00003393;662;0.5
PIPEVALVE 00003394;665;0.5
PIPEVALVE 00003395;666;0.5
PIPEVALVE 00003396;668;0.5
PIPEVALVE 00003397;670;0.5
PIPEVALVE 00003398;617;0.5
PIPEVALVE 00003399;676;0.5
PIPEVALVE 00003400;3161;0.5
PIPEVALVE 00003401;680;0.5
PIPEVALVE 00003402;638;0.5
PIPEVALVE 00003403;682;0.5
PIPEVALVE 00003404;685;0.5
PIPEVALVE 00003405;629;0.5
PIPEVALVE 00003406;688;0.5
PIPEVALVE 00003407;454;0.5
PIPEVALVE 00003408;692;0.5
PIPEVALVE 00003409;461;0.5
PIPEVALVE 00003445;720;0.5
PIPEVALVE 00003446;719;0.5
PIPEVALVE 00003447;724;0.5
PIPEVALVE 00003448;726;0.5
PIPEVALVE 00003449;731;0.5
PIPEVALVE 00003450;732;0.5
PIPEVALVE 00003451;717;0.5
PIPEVALVE 00003452;734;0.5
PIPEVALVE 00003453;741;0.5
PIPEVALVE 00003454;742;0.5
PIPEVALVE 00003455;716;0.5
PIPEVALVE 00003456;744;0.5
PIPEVALVE 00003459;747;0.5
PIPEVALVE 00003460;748;0.5
PIPEVALVE 00003461;749;0.5
PIPEVALVE 00003462;713;0.5
PIPEVALVE 00003463;755;0.5
PIPEVALVE 00003464;752;0.5
PIPEVALVE 00003465;757;0.5
PIPEVALVE 00003466;758;0.5
PIPEVALVE 00003600;761;0.5
PIPEVALVE 00003601;712;0.5
PIPEVALVE 00003688;771;0.5
PIPEVALVE 00003689;772;0.5
PIPEVALVE 00003690;775;0.5
PIPEVALVE 00003692;807;0.5
PIPEVALVE 00003693;806;0.5
PIPEVALVE 00003726;818;0.5
PIPEVALVE 00003727;820;0.5
PIPEVALVE 00003728;821;0.5
PIPEVALVE 00003729;822;0.5
PIPEVALVE 00003730;827;0.5
PIPEVALVE 00003731;828;0.5
PIPEVALVE 00003756;855;0.5
PIPEVALVE 00003758;859;0.5
PIPEVALVE 00003759;861;0.5
PIPEVALVE 00003760;863;0.5
PIPEVALVE 00003761;865;0.5
PIPEVALVE 00003762;868;0.5
PIPEVALVE 00003763;869;0.5
PIPEVALVE 00003766;874;0.5
PIPEVALVE 00003767;3216;0.5
PIPEVALVE 00003768;879;0.5
PIPEVALVE 00003769;881;0.5
PIPEVALVE 00003772;890;0.5
PIPEVALVE 00003788;924;0.5
PIPEVALVE 00003789;923;0.5
PIPEVALVE 00003790;931;0.5
PIPEVALVE 00003791;932;0.5
PIPEVALVE 00003796;945;0.5
PIPEVALVE 00003797;942;0.5
PIPEVALVE 00003798;949;0.5
PIPEVALVE 00003799;952;0.5
PIPEVALVE 00003800;957;0.5
PIPEVALVE 00003801;958;0.5
PIPEVALVE 00003802;962;0.5
PIPEVALVE 00003803;964;0.5
PIPEVALVE 00003804;967;0.5
PIPEVALVE 00003805;968;0.5
PIPEVALVE 00003806;973;0.5
PIPEVALVE 00003807;974;0.5
PIPEVALVE 00003808;979;0.5
PIPEVALVE 00003809;980;0.5
PIPEVALVE 00003810;3235;0.5
PIPEVALVE 00003811;3236;0.5
PIPEVALVE 00003812;989;0.5
PIPEVALVE 00003813;3233;0.5
PIPEVALVE 00003814;981;0.5
PIPEVALVE 00003815;992;0.5
PIPEVALVE 00003816;997;0.5
PIPEVALVE 00003817;998;0.5
PIPEVALVE 00003818;1005;0.5
PIPEVALVE 00003819;1002;0.5
PIPEVALVE 00003820;1018;0.5
PIPEVALVE 00003821;1017;0.5
PIPEVALVE 00003823;1025;0.5
PIPEVALVE 00003824;1023;0.5
PIPEVALVE 00003825;1027;0.5
PIPEVALVE 00003826;1030;0.5
PIPEVALVE 00003827;1012;0.5
PIPEVALVE 00003828;1032;0.5
PIPEVALVE 00003829;1036;0.5
PIPEVALVE 00003830;1035;0.5
PIPEVALVE 00003831;1041;0.5
PIPEVALVE 00003832;1042;0.5
PIPEVALVE 00003833;1050;0.5
PIPEVALVE 00003834;1054;0.5
PIPEVALVE 00003835;1055;0.5
PIPEVALVE 00003836;1060;0.5
PIPEVALVE 00003837;1065;0.5
PIPEVALVE 00003838;1066;0.5
PIPEVALVE 00003839;1075;0.5
PIPEVALVE 00003840;1076;0.5
PIPEVALVE 00003841;1071;0.5
PIPEVALVE 00003842;1080;0.5
PIPEVALVE 00003843;1081;0.5
PIPEVALVE 00003844;1082;0.5
PIPEVALVE 00003851;3253;0.5
PIPEVALVE 00003852;3254;0.5
PIPEVALVE 00003853;1099;0.5
PIPEVALVE 00003854;1104;0.5
PIPEVALVE 00003855;1110;0.5
PIPEVALVE 00003856;1109;0.5
PIPEVALVE 00003857;1121;0.5
PIPEVALVE 00003858;1124;0.5
PIPEVALVE 00003859;1131;0.5
PIPEVALVE 00003860;1134;0.5
PIPEVALVE 00003861;1146;0.5
PIPEVALVE 00003862;1168;0.5
PIPEVALVE 00003863;2134;0.5
PIPEVALVE 00003864;2133;0.5
PIPEVALVE 00003865;1143;0.5
PIPEVALVE 00003866;1174;0.5
PIPEVALVE 00003867;2135;0.5
PIPEVALVE 00003868;2136;0.5
PIPEVALVE 00003869;1179;0.5
PIPEVALVE 00003870;1180;0.5
PIPEVALVE 00003871;2138;0.5
PIPEVALVE 00003872;1157;0.5
PIPEVALVE 00003873;1160;0.5
PIPEVALVE 00003874;1184;0.5
PIPEVALVE 00003875;1187;0.5
PIPEVALVE 00003876;1161;0.5
PIPEVALVE 00003877;1189;0.5
PIPEVALVE 00003878;1190;0.5
PIPEVALVE 00003879;1163;0.5
PIPEVALVE 00003880;1194;0.5
PIPEVALVE 00003881;2140;0.5
PIPEVALVE 00003882;2139;0.5
PIPEVALVE 00003883;1156;0.5
PIPEVALVE 00003884;1198;0.5
PIPEVALVE 00003885;1199;0.5
PIPEVALVE 00003886;1200;0.5
PIPEVALVE 00003887;1201;0.5
PIPEVALVE 00003888;1204;0.5
PIPEVALVE 00003889;1206;0.5
PIPEVALVE 00003890;1205;0.5
PIPEVALVE 00003891;1209;0.5
PIPEVALVE 00003892;1210;0.5
PIPEVALVE 00003893;1211;0.5
PIPEVALVE 00003894;1214;0.5
PIPEVALVE 00003897;1219;0.5
PIPEVALVE 00003898;1220;0.5
PIPEVALVE 00003899;1224;0.5
PIPEVALVE 00003900;1228;0.5
PIPEVALVE 00003901;1229;0.5
PIPEVALVE 00003902;1234;0.5
PIPEVALVE 00003903;1247;0.5
PIPEVALVE 00003904;1248;0.5
PIPEVALVE 00003905;1257;0.5
PIPEVALVE 00003906;1258;0.5
PIPEVALVE 00003907;1269;0.5
PIPEVALVE 00003908;1270;0.5
PIPEVALVE 00003909;1275;0.5
PIPEVALVE 00003910;1272;0.5
PIPEVALVE 00003911;1277;0.5
PIPEVALVE 00003912;1278;0.5
PIPEVALVE 00003913;3846;0.5
PIPEVALVE 00003914;1231;0.5
PIPEVALVE 00003915;1282;0.5
PIPEVALVE 00003916;1287;0.5
PIPEVALVE 00003917;1290;0.5
PIPEVALVE 00003918;1295;0.5
PIPEVALVE 00003919;1299;0.5
PIPEVALVE 00003920;1300;0.5
PIPEVALVE 00003921;3292;0.5
PIPEVALVE 00003922;1302;0.5
PIPEVALVE 00003925;3296;0.5
PIPEVALVE 00003926;3508;0.5
PIPEVALVE 00003927;1315;0.5
PIPEVALVE 00003928;1316;0.5
PIPEVALVE 00003929;1320;0.5
PIPEVALVE 00003930;1322;0.5
PIPEVALVE 00003931;1328;0.5
PIPEVALVE 00003932;1379;0.5
PIPEVALVE 00003933;1380;0.5
PIPEVALVE 00003934;1376;0.5
PIPEVALVE 00003935;1367;0.5
PIPEVALVE 00003936;1383;0.5
PIPEVALVE 00003937;1386;0.5
PIPEVALVE 00003938;3339;0.5
PIPEVALVE 00003939;1355;0.5
PIPEVALVE 00003940;1356;0.5
PIPEVALVE 00003943;1392;0.5
PIPEVALVE 00003944;1393;0.5
PIPEVALVE 00003945;1394;0.5
PIPEVALVE 00003946;1395;0.5
PIPEVALVE 00003947;1396;0.5
PIPEVALVE 00003948;1329;0.5
PIPEVALVE 00003951;1400;0.5
PIPEVALVE 00003952;1401;0.5
PIPEVALVE 00003953;1349;0.5
PIPEVALVE 00003954;1350;0.5
PIPEVALVE 00003955;1404;0.5
PIPEVALVE 00003956;1405;0.5
PIPEVALVE 00003957;1410;0.5
PIPEVALVE 00003958;1411;0.5
PIPEVALVE 00003959;1414;0.5
PIPEVALVE 00003960;1415;0.5
PIPEVALVE 00003961;1340;0.5
PIPEVALVE 00003962;1339;0.5
PIPEVALVE 00003963;1419;0.5
PIPEVALVE 00003964;1338;0.5
PIPEVALVE 00003965;1336;0.5
PIPEVALVE 00003966;1424;0.5
PIPEVALVE 00003967;1343;0.5
PIPEVALVE 00003968;1344;0.5
PIPEVALVE 00003969;1375;0.5
PIPEVALVE 00003970;1429;0.5
PIPEVALVE 00003971;1431;0.5
PIPEVALVE 00003972;1432;0.5
PIPEVALVE 00003973;1433;0.5
PIPEVALVE 00003974;1434;0.5
PIPEVALVE 00003975;1438;0.5
PIPEVALVE 00003976;1440;0.5
PIPEVALVE 00003977;1443;0.5
PIPEVALVE 00003978;1444;0.5
PIPEVALVE 00003979;1446;0.5
PIPEVALVE 00003980;1448;0.5
PIPEVALVE 00003981;1450;0.5
PIPEVALVE 00003982;1449;0.5
PIPEVALVE 00003983;1454;0.5
PIPEVALVE 00003984;1453;0.5
PIPEVALVE 00003985;1458;0.5
PIPEVALVE 00003986;1460;0.5
PIPEVALVE 00003987;1463;0.5
PIPEVALVE 00003988;1464;0.5
PIPEVALVE 00003989;1465;0.5
PIPEVALVE 00003990;1468;0.5
PIPEVALVE 00003991;1470;0.5
PIPEVALVE 00003992;1469;0.5
PIPEVALVE 00003993;1474;0.5
PIPEVALVE 00003994;1473;0.5
PIPEVALVE 00003995;1479;0.5
PIPEVALVE 00003996;1478;0.5
PIPEVALVE 00003997;1483;0.5
PIPEVALVE 00003998;1484;0.5
PIPEVALVE 00003999;1486;0.5
PIPEVALVE 00004000;1488;0.5
PIPEVALVE 00004001;1490;0.5
PIPEVALVE 00004002;1489;0.5
PIPEVALVE 00004003;1493;0.5
PIPEVALVE 00004004;1494;0.5
PIPEVALVE 00004005;1498;0.5
PIPEVALVE 00004006;1500;0.5
PIPEVALVE 00004007;1503;0.5
PIPEVALVE 00004008;1504;0.5
PIPEVALVE 00004009;1505;0.5
PIPEVALVE 00004010;1508;0.5
PIPEVALVE 00004011;1509;0.5
PIPEVALVE 00004012;1510;0.5
PIPEVALVE 00004013;1513;0.5
PIPEVALVE 00004014;1514;0.5
PIPEVALVE 00004019;1534;0.5
PIPEVALVE 00004020;1523;0.5
PIPEVALVE 00004021;1536;0.5
PIPEVALVE 00004022;1521;0.5
PIPEVALVE 00004023;3350;0.5
PIPEVALVE 00004024;1541;0.5
PIPEVALVE 00004025;1543;0.5
PIPEVALVE 00004026;1542;0.5
PIPEVALVE 00004027;1546;0.5
PIPEVALVE 00004028;1518;0.5
PIPEVALVE 00004029;1554;0.5
PIPEVALVE 00004030;1555;0.5
PIPEVALVE 00004031;1559;0.5
PIPEVALVE 00004032;1558;0.5
PIPEVALVE 00004035;1371;0.5
PIPEVALVE 00004036;1561;0.5
PIPEVALVE 00004037;1565;0.5
PIPEVALVE 00004038;1567;0.5
PIPEVALVE 00004039;1570;0.5
PIPEVALVE 00004040;1571;0.5
PIPEVALVE 00004041;1576;0.5
PIPEVALVE 00004042;1575;0.5
PIPEVALVE 00004043;1581;0.5
PIPEVALVE 00004044;1528;0.5
PIPEVALVE 00004045;1585;0.5
PIPEVALVE 00004046;1586;0.5
PIPEVALVE 00004047;1593;0.5
PIPEVALVE 00004048;1590;0.5
PIPEVALVE 00004049;1580;0.5
PIPEVALVE 00004050;1600;0.5
PIPEVALVE 00004051;1606;0.5
PIPEVALVE 00004052;1605;0.5
PIPEVALVE 00004053;1618;0.5
PIPEVALVE 00004054;1619;0.5
PIPEVALVE 00004055;1620;0.5
PIPEVALVE 00004056;1623;0.5
PIPEVALVE 00004057;1628;0.5
PIPEVALVE 00004058;1629;0.5
PIPEVALVE 00004059;1634;0.5
PIPEVALVE 00004060;1633;0.5
PIPEVALVE 00004061;1630;0.5
PIPEVALVE 00004062;1631;0.5
PIPEVALVE 00004063;1638;0.5
PIPEVALVE 00004064;1643;0.5
PIPEVALVE 00004065;1645;0.5
PIPEVALVE 00004066;1644;0.5
PIPEVALVE 00004067;1648;0.5
PIPEVALVE 00004068;1653;0.5
PIPEVALVE 00004069;1655;0.5
PIPEVALVE 00004070;1654;0.5
PIPEVALVE 00004071;1660;0.5
PIPEVALVE 00004072;1663;0.5
PIPEVALVE 00004073;1664;0.5
PIPEVALVE 00004074;3378;0.5
PIPEVALVE 00004075;1691;0.5
PIPEVALVE 00004076;3383;0.5
PIPEVALVE 00004077;1696;0.5
PIPEVALVE 00004078;1694;0.5
PIPEVALVE 00004079;1692;0.5
PIPEVALVE 00004080;1699;0.5
PIPEVALVE 00004081;1700;0.5
PIPEVALVE 00004082;1688;0.5
PIPEVALVE 00004083;1686;0.5
PIPEVALVE 00004084;1687;0.5
PIPEVALVE 00004085;1704;0.5
PIPEVALVE 00004086;1705;0.5
PIPEVALVE 00004089;1709;0.5
PIPEVALVE 00004090;1710;0.5
PIPEVALVE 00004091;1670;0.5
PIPEVALVE 00004092;1671;0.5
PIPEVALVE 00004093;1713;0.5
PIPEVALVE 00004094;1714;0.5
PIPEVALVE 00004095;1719;0.5
PIPEVALVE 00004096;1718;0.5
PIPEVALVE 00004097;1723;0.5
PIPEVALVE 00004098;1724;0.5
PIPEVALVE 00004099;1725;0.5
PIPEVALVE 00004100;1728;0.5
PIPEVALVE 00004101;1733;0.5
PIPEVALVE 00004102;1734;0.5
PIPEVALVE 00004103;1736;0.5
PIPEVALVE 00004104;1738;0.5
PIPEVALVE 00004105;1743;0.5
PIPEVALVE 00004106;1744;0.5
PIPEVALVE 00004107;1746;0.5
PIPEVALVE 00004108;1748;0.5
PIPEVALVE 00004109;1749;0.5
PIPEVALVE 00004110;1750;0.5
PIPEVALVE 00004111;1753;0.5
PIPEVALVE 00004112;1754;0.5
PIPEVALVE 00004113;1758;0.5
PIPEVALVE 00004114;1760;0.5
PIPEVALVE 00004115;1763;0.5
PIPEVALVE 00004116;1764;0.5
PIPEVALVE 00004117;1773;0.5
PIPEVALVE 00004118;1774;0.5
PIPEVALVE 00004119;1779;0.5
PIPEVALVE 00004120;1778;0.5
PIPEVALVE 00004121;1783;0.5
PIPEVALVE 00004122;1784;0.5
PIPEVALVE 00004123;1789;0.5
PIPEVALVE 00004124;1788;0.5
PIPEVALVE 00004125;3409;0.5
PIPEVALVE 00004126;1666;0.5
PIPEVALVE 00004127;1797;0.5
PIPEVALVE 00004128;1796;0.5
PIPEVALVE 00004129;3425;0.5
PIPEVALVE 00004130;1614;0.5
PIPEVALVE 00004131;3964;0.5
PIPEVALVE 00004132;3392;0.5
PIPEVALVE 00004133;1806;0.5
PIPEVALVE 00004134;1807;0.5
PIPEVALVE 00004135;1808;0.5
PIPEVALVE 00004136;1811;0.5
PIPEVALVE 00004137;1816;0.5
PIPEVALVE 00004138;1817;0.5
PIPEVALVE 00004139;1818;0.5
PIPEVALVE 00004140;1821;0.5
PIPEVALVE 00004141;1823;0.5
PIPEVALVE 00004142;1822;0.5
PIPEVALVE 00004143;1826;0.5
PIPEVALVE 00004144;1827;0.5
PIPEVALVE 00004145;1830;0.5
PIPEVALVE 00004146;1831;0.5
PIPEVALVE 00004147;1838;0.5
PIPEVALVE 00004148;3045;0.5
PIPEVALVE 00004149;1843;0.5
PIPEVALVE 00004150;1844;0.5
PIPEVALVE 00004151;1845;0.5
PIPEVALVE 00004152;1848;0.5
PIPEVALVE 00004153;1853;0.5
PIPEVALVE 00004154;1854;0.5
PIPEVALVE 00004155;1855;0.5
PIPEVALVE 00004156;1856;0.5
PIPEVALVE 00004157;1791;0.5
PIPEVALVE 00004158;1792;0.5
PIPEVALVE 00004159;1865;0.5
PIPEVALVE 00004160;1866;0.5
PIPEVALVE 00004161;1867;0.5
PIPEVALVE 00004162;1868;0.5
PIPEVALVE 00004163;1937;0.5
PIPEVALVE 00004164;1938;0.5
PIPEVALVE 00004165;1940;0.5
PIPEVALVE 00004166;1942;0.5
PIPEVALVE 00004167;1947;0.5
PIPEVALVE 00004168;1948;0.5
PIPEVALVE 00004169;1952;0.5
PIPEVALVE 00004170;1954;0.5
PIPEVALVE 00004171;1957;0.5
PIPEVALVE 00004172;1958;0.5
PIPEVALVE 00004173;1959;0.5
PIPEVALVE 00004174;1961;0.5
PIPEVALVE 00004175;1962;0.5
PIPEVALVE 00004176;1963;0.5
PIPEVALVE 00004177;3442;0.5
PIPEVALVE 00004178;3441;0.5
PIPEVALVE 00004179;1882;0.5
PIPEVALVE 00004180;1883;0.5
PIPEVALVE 00004181;1971;0.5
PIPEVALVE 00004182;1970;0.5
PIPEVALVE 00004183;1975;0.5
PIPEVALVE 00004184;1974;0.5
PIPEVALVE 00004185;1980;0.5
PIPEVALVE 00004186;1979;0.5
PIPEVALVE 00004187;1884;0.5
PIPEVALVE 00004193;1984;0.5
PIPEVALVE 00004194;1985;0.5
PIPEVALVE 00004195;1987;0.5
PIPEVALVE 00004196;1986;0.5
PIPEVALVE 00004197;1993;0.5
PIPEVALVE 00004198;1995;0.5
PIPEVALVE 00004199;1996;0.5
PIPEVALVE 00004200;1997;0.5
PIPEVALVE 00004201;2004;0.5
PIPEVALVE 00004202;2003;0.5
PIPEVALVE 00004203;2008;0.5
PIPEVALVE 00004204;1929;0.5
PIPEVALVE 00004205;2007;0.5
PIPEVALVE 00004206;2006;0.5
PIPEVALVE 00004207;2016;0.5
PIPEVALVE 00004208;2017;0.5
PIPEVALVE 00004209;2014;0.5
PIPEVALVE 00004210;2021;0.5
PIPEVALVE 00004211;1923;0.5
PIPEVALVE 00004212;1922;0.5
PIPEVALVE 00004213;2023;0.5
PIPEVALVE 00004214;2024;0.5
PIPEVALVE 00004215;2025;0.5
PIPEVALVE 00004216;2030;0.5
PIPEVALVE 00004222;2032;0.5
PIPEVALVE 00004225;2941;0.5
PIPEVALVE 00004226;2034;0.5
PIPEVALVE 00004231;1927;0.5
PIPEVALVE 00004232;1928;0.5
PIPEVALVE 00004233;2040;0.5
PIPEVALVE 00004234;2041;0.5
PIPEVALVE 00004235;1932;0.5
PIPEVALVE 00004236;2045;0.5
PIPEVALVE 00004237;2052;0.5
PIPEVALVE 00004238;2050;0.5
PIPEVALVE 00004239;1934;0.5
PIPEVALVE 00004240;2055;0.5
PIPEVALVE 00004241;2056;0.5
PIPEVALVE 00004242;2057;0.5
PIPEVALVE 00004243;1876;0.5
PIPEVALVE 00004244;2061;0.5
PIPEVALVE 00004245;1943;0.5
PIPEVALVE 00004246;2063;0.5
PIPEVALVE 00004247;3258;0.5
PIPEVALVE 00004248;2065;0.5
PIPEVALVE 00004249;2068;0.5
PIPEVALVE 00004250;2069;0.5
PIPEVALVE 00004251;3491;0.5
PIPEVALVE 00004252;1905;0.5
PIPEVALVE 00004253;2072;0.5
PIPEVALVE 00004254;1902;0.5
PIPEVALVE 00004255;1899;0.5
PIPEVALVE 00004256;1898;0.5
PIPEVALVE 00004257;2076;0.5
PIPEVALVE 00004258;2081;0.5
PIPEVALVE 00004259;2086;0.5
PIPEVALVE 00004260;2087;0.5
PIPEVALVE 00004261;2089;0.5
PIPEVALVE 00004262;2091;0.5
PIPEVALVE 00004263;2096;0.5
PIPEVALVE 00004264;2097;0.5
PIPEVALVE 00004265;3503;0.5
PIPEVALVE 00004266;3502;0.5
PIPEVALVE 00004267;2100;0.5
PIPEVALVE 00004268;2101;0.5
PIPEVALVE 00004269;2102;0.5
PIPEVALVE 00004270;1917;0.5
PIPEVALVE 00004271;2105;0.5
PIPEVALVE 00004272;2104;0.5
PIPEVALVE 00004273;2112;0.5
PIPEVALVE 00004274;2111;0.5
PIPEVALVE 00004275;2114;0.5
PIPEVALVE 00004276;2115;0.5
PIPEVALVE 00004277;1913;0.5
PIPEVALVE 00004278;1912;0.5
PIPEVALVE 00004279;2119;0.5
PIPEVALVE 00004280;2120;0.5
PIPEVALVE 00004281;2123;0.5
PIPEVALVE 00004282;2124;0.5
PIPEVALVE 00004283;1918;0.5
PIPEVALVE 00004284;2128;0.5
PIPEVALVE 00004285;2130;0.5
PIPEVALVE 00004286;2129;0.5
PIPEVALVE 00004287;2145;0.5
PIPEVALVE 00004288;2148;0.5
PIPEVALVE 00004289;2159;0.5
PIPEVALVE 00004290;2160;0.5
PIPEVALVE 00004291;2165;0.5
PIPEVALVE 00004293;3509;0.5
PIPEVALVE 00004294;2172;0.5
PIPEVALVE 00004295;2177;0.5
PIPEVALVE 00004296;2178;0.5
PIPEVALVE 00004297;2188;0.5
PIPEVALVE 00004298;2187;0.5
PIPEVALVE 00004299;2192;0.5
PIPEVALVE 00004301;2198;0.5
PIPEVALVE 00004302;2199;0.5
PIPEVALVE 00004313;2211;0.5
PIPEVALVE 00004314;2213;0.5
PIPEVALVE 00004315;2216;0.5
PIPEVALVE 00004316;2222;0.5
PIPEVALVE 00004317;2235;0.5
PIPEVALVE 00004318;2236;0.5
PIPEVALVE 00004319;2237;0.5
PIPEVALVE 00004320;2227;0.5
PIPEVALVE 00004324;2247;0.5
PIPEVALVE 00004325;2248;0.5
PIPEVALVE 00004326;2249;0.5
PIPEVALVE 00004327;2261;0.5
PIPEVALVE 00004328;2262;0.5
PIPEVALVE 00004329;2267;0.5
PIPEVALVE 00004330;2268;0.5
PIPEVALVE 00004331;2272;0.5
PIPEVALVE 00004332;2274;0.5
PIPEVALVE 00004333;2282;0.5
PIPEVALVE 00004334;2284;0.5
PIPEVALVE 00004337;3549;0.5
PIPEVALVE 00004338;3550;0.5
PIPEVALVE 00004339;2308;0.5
PIPEVALVE 00004340;2309;0.5
PIPEVALVE 00004341;2316;0.5
PIPEVALVE 00004342;2317;0.5
PIPEVALVE 00004345;2320;0.5
PIPEVALVE 00004346;2321;0.5
PIPEVALVE 00004347;2324;0.5
PIPEVALVE 00004348;2329;0.5
PIPEVALVE 00004353;8099;0.5
PIPEVALVE 00004354;2347;0.5
PIPEVALVE 00004357;2353;0.5
PIPEVALVE 00004358;2355;0.5
PIPEVALVE 00004363;2374;0.5
PIPEVALVE 00004364;3542;0.5
PIPEVALVE 00004365;3543;0.5
PIPEVALVE 00004366;3544;0.5
PIPEVALVE 00004367;2378;0.5
PIPEVALVE 00004368;3608;0.5
PIPEVALVE 00004369;2390;0.5
PIPEVALVE 00004370;2391;0.5
PIPEVALVE 00004371;2387;0.5
PIPEVALVE 00004372;2393;0.5
PIPEVALVE 00004373;3554;0.5
PIPEVALVE 00004374;2395;0.5
PIPEVALVE 00004375;2421;0.5
PIPEVALVE 00004376;2420;0.5
PIPEVALVE 00004377;2427;0.5
PIPEVALVE 00004378;2426;0.5
PIPEVALVE 00004381;2432;0.5
PIPEVALVE 00004382;2433;0.5
PIPEVALVE 00004383;2436;0.5
PIPEVALVE 00004384;2437;0.5
PIPEVALVE 00004385;2442;0.5
PIPEVALVE 00004386;2441;0.5
PIPEVALVE 00004387;2446;0.5
PIPEVALVE 00004388;2447;0.5
PIPEVALVE 00004389;2452;0.5
PIPEVALVE 00004390;2451;0.5
PIPEVALVE 00004391;2461;0.5
PIPEVALVE 00004392;2454;0.5
PIPEVALVE 00004393;2457;0.5
PIPEVALVE 00004394;2456;0.5
PIPEVALVE 00004395;2466;0.5
PIPEVALVE 00004396;2467;0.5
PIPEVALVE 00004429;2486;0.5
PIPEVALVE 00004430;2487;0.5
PIPEVALVE 00004431;2488;0.5
PIPEVALVE 00004432;2489;0.5
PIPEVALVE 00004793;2500;0.5
PIPEVALVE 00004794;2502;0.5
PIPEVALVE 00004795;2505;0.5
PIPEVALVE 00004796;2508;0.5
PIPEVALVE 00004803;2531;0.5
PIPEVALVE 00004804;2532;0.5
PIPEVALVE 00004807;3578;0.5
PIPEVALVE 00004808;2546;0.5
PIPEVALVE 00004809;2559;0.5
PIPEVALVE 00004810;2553;0.5
PIPEVALVE 00004811;2561;0.5
PIPEVALVE 00004812;2566;0.5
PIPEVALVE 00004815;3051;0.5
PIPEVALVE 00004816;2572;0.5
PIPEVALVE 00004817;2577;0.5
PIPEVALVE 00004818;2582;0.5
PIPEVALVE 00004821;2589;0.5
PIPEVALVE 00004822;2588;0.5
PIPEVALVE 00004823;2595;0.5
PIPEVALVE 00004824;2596;0.5
PIPEVALVE 00004825;2603;0.5
PIPEVALVE 00004826;2604;0.5
PIPEVALVE 00004827;2607;0.5
PIPEVALVE 00004828;2606;0.5
PIPEVALVE 00004829;2613;0.5
PIPEVALVE 00004830;2614;0.5
PIPEVALVE 00004831;2621;0.5
PIPEVALVE 00004832;2619;0.5
PIPEVALVE 00004833;2627;0.5
PIPEVALVE 00004834;2630;0.5
PIPEVALVE 00004835;2632;0.5
PIPEVALVE 00004836;2634;0.5
PIPEVALVE 00004837;2643;0.5
PIPEVALVE 00004838;2641;0.5
PIPEVALVE 00004839;2646;0.5
PIPEVALVE 00004840;2645;0.5
PIPEVALVE 00004841;2649;0.5
PIPEVALVE 00004842;2650;0.5
PIPEVALVE 00004843;2659;0.5
PIPEVALVE 00004844;2660;0.5
PIPEVALVE 00004845;2661;0.5
PIPEVALVE 00004846;2664;0.5
PIPEVALVE 00004852;2672;0.5
PIPEVALVE 00004853;2673;0.5
PIPEVALVE 00005110;2680;0.5
PIPEVALVE 00005111;2681;0.5
PIPEVALVE 00005112;2690;0.5
PIPEVALVE 00005113;2686;0.5
PIPEVALVE 00005114;2694;0.5
PIPEVALVE 00005115;2695;0.5
PIPEVALVE 00005116;2696;0.5
PIPEVALVE 00005117;2699;0.5
PIPEVALVE 00005118;2704;0.5
PIPEVALVE 00005119;2705;0.5
PIPEVALVE 00005134;2712;0.5
PIPEVALVE 00005135;2713;0.5
PIPEVALVE 00005136;2714;0.5
PIPEVALVE 00005137;3610;0.5
PIPEVALVE 00005138;2720;0.5
PIPEVALVE 00005139;2721;0.5
PIPEVALVE 00005140;2723;0.5
PIPEVALVE 00005141;2725;0.5
PIPEVALVE 00005144;2732;0.5
PIPEVALVE 00005145;2733;0.5
PIPEVALVE 00005151;3614;0.5
PIPEVALVE 00005154;3620;0.5
PIPEVALVE 00005155;3622;0.5
PIPEVALVE 00005156;2758;0.5
PIPEVALVE 00005157;2757;0.5
PIPEVALVE 00005158;2761;0.5
PIPEVALVE 00005159;2766;0.5
PIPEVALVE 00005160;2771;0.5
PIPEVALVE 00005161;3625;0.5
PIPEVALVE 00005162;2787;0.5
PIPEVALVE 00005163;2788;0.5
PIPEVALVE 00005164;2774;0.5
PIPEVALVE 00005165;2794;0.5
PIPEVALVE 00005166;3632;0.5
PIPEVALVE 00005167;7761;0.5
PIPEVALVE 00005180;2816;0.5
PIPEVALVE 00005181;2817;0.5
PIPEVALVE 00005182;2818;0.5
PIPEVALVE 00005183;2819;0.5
PIPEVALVE 00005184;3640;0.5
PIPEVALVE 00005185;2825;0.5
PIPEVALVE 00005188;2822;0.5
PIPEVALVE 00005189;2823;0.5
PIPEVALVE 00005194;2830;0.5
PIPEVALVE 00005195;2829;0.5
PIPEVALVE 00005196;2834;0.5
PIPEVALVE 00005197;2835;0.5
PIPEVALVE 00005198;2844;0.5
PIPEVALVE 00005199;2845;0.5
PIPEVALVE 00005202;2851;0.5
PIPEVALVE 00005204;2866;0.5
PIPEVALVE 00005205;2867;0.5
PIPEVALVE 00005206;2870;0.5
PIPEVALVE 00005207;2861;0.5
PIPEVALVE 00005222;2876;0.5
PIPEVALVE 00005223;2877;0.5
PIPEVALVE 00005249;588;0.5
PIPEVALVE 00005250;2879;0.5
PIPEVALVE 00005251;2880;0.5
PIPEVALVE 00005252;2881;0.5
PIPEVALVE 00005265;3666;0.5
PIPEVALVE 00005266;3665;0.5
PIPEVALVE 00005267;2896;0.5
PIPEVALVE 00005268;2897;0.5
PIPEVALVE 00005269;2902;0.5
PIPEVALVE 00005270;2903;0.5
PIPEVALVE 00005282;2924;0.5
PIPEVALVE 00005283;2925;0.5
PIPEVALVE 00005284;2927;0.5
PIPEVALVE 00005285;2928;0.5
PIPEVALVE 00005286;2939;0.5
PIPEVALVE 00005287;2933;0.5
PIPEVALVE 00005288;2947;0.5
PIPEVALVE 00005289;2948;0.5
PIPEVALVE 00005290;2951;0.5
PIPEVALVE 00005291;2952;0.5
PIPEVALVE 00005292;2961;0.5
PIPEVALVE 00005293;2962;0.5
PIPEVALVE 00005294;2967;0.5
PIPEVALVE 00005295;2968;0.5
PIPEVALVE 00005296;2971;0.5
PIPEVALVE 00005297;2972;0.5
PIPEVALVE 00005298;2979;0.5
PIPEVALVE 00005299;2976;0.5
PIPEVALVE 00005300;8144;0.5
PIPEVALVE 00005301;2984;0.5
PIPEVALVE 00005308;2995;0.5
PIPEVALVE 00005309;2994;0.5
PIPEVALVE 00005455;3003;0.5
PIPEVALVE 00005456;3004;0.5
PIPEVALVE 00005457;3009;0.5
PIPEVALVE 00005458;3008;0.5
PIPEVALVE 00005459;3014;0.5
PIPEVALVE 00005460;3017;0.5
PIPEVALVE 00005461;3029;0.5
PIPEVALVE 00005462;3030;0.5
PIPEVALVE 00005471;3037;0.5
PIPEVALVE 00005472;3038;0.5
PIPEVALVE 00000014;4138;0.5
PIPEVALVE 00000015;4146;0.5
PIPEVALVE 00000016;4147;0.5
PIPEVALVE 00000017;4153;0.5
PIPEVALVE 00000018;4152;0.5
PIPEVALVE 00000019;4158;0.5
PIPEVALVE 00000020;4159;0.5
PIPEVALVE 00002030;4173;0.5
PIPEVALVE 00002031-A;4527;0.5
PIPEVALVE 00002034;4184;0.5
PIPEVALVE 00002035;4182;0.5
PIPEVALVE 00002036;4186;0.5
PIPEVALVE 00002037;4185;0.5
PIPEVALVE 00002038;4194;0.5
PIPEVALVE 00002039;4196;0.5
PIPEVALVE 00002040;4197;0.5
PIPEVALVE 00002041;4204;0.5
PIPEVALVE 00002042;4209;0.5
PIPEVALVE 00002043;4210;0.5
PIPEVALVE 00002046;4216;0.5
PIPEVALVE 00002047;4215;0.5
PIPEVALVE 00002050;4454;0.5
PIPEVALVE 00002051;4225;0.5
PIPEVALVE 00002052;4230;0.5
PIPEVALVE 00002053;4231;0.5
PIPEVALVE 00002054;4235;0.5
PIPEVALVE 00002055;4237;0.5
PIPEVALVE 00002056;4243;0.5
PIPEVALVE 00002057;4245;0.5
PIPEVALVE 00002058;4246;0.5
PIPEVALVE 00002059;4247;0.5
PIPEVALVE 00002060;4256;0.5
PIPEVALVE 00002061;4257;0.5
PIPEVALVE 00002062;4260;0.5
PIPEVALVE 00002063;4261;0.5
PIPEVALVE 00002064;4266;0.5
PIPEVALVE 00002065;4267;0.5
PIPEVALVE 00002066;4271;0.5
PIPEVALVE 00002067;4270;0.5
PIPEVALVE 00002068;4276;0.5
PIPEVALVE 00002069;4277;0.5
PIPEVALVE 00002070;4286;0.5
PIPEVALVE 00002071;4287;0.5
PIPEVALVE 00002074;4292;0.5
PIPEVALVE 00002075;4291;0.5
PIPEVALVE 00002078;4298;0.5
PIPEVALVE 00002079;4297;0.5
PIPEVALVE 00002080;4302;0.5
PIPEVALVE 00002081;4307;0.5
PIPEVALVE 00002084;4318;0.5
PIPEVALVE 00002085;4319;0.5
PIPEVALVE 00002086;4323;0.5
PIPEVALVE 00002087;4327;0.5
PIPEVALVE 00002092;4331;0.5
PIPEVALVE 00002093;4334;0.5
PIPEVALVE 00002094;4339;0.5
PIPEVALVE 00002095;4340;0.5
PIPEVALVE 00002096;4341;0.5
PIPEVALVE 00002097;4344;0.5
PIPEVALVE 00002102;4357;0.5
PIPEVALVE 00002103;4356;0.5
PIPEVALVE 00002104;4361;0.5
PIPEVALVE 00002105;4362;0.5
PIPEVALVE 00002106;4501;0.5
PIPEVALVE 00002107;4363;0.5
PIPEVALVE 00002108;4373;0.5
PIPEVALVE 00002109;4379;0.5
PIPEVALVE 00002110;4376;0.5
PIPEVALVE 00002111;4372;0.5
PIPEVALVE 00002112;4382;0.5
PIPEVALVE 00002113;4381;0.5
PIPEVALVE 00002115;4389;0.5
PIPEVALVE 00002116;4390;0.5
PIPEVALVE 00002117;4392;0.5
PIPEVALVE 00002118;4394;0.5
PIPEVALVE 00002119;4399;0.5
PIPEVALVE 00002120;4400;0.5
PIPEVALVE 00002121;4414;0.5
PIPEVALVE 00002122;4416;0.5
PIPEVALVE 00002123;4419;0.5
PIPEVALVE 00002124;4409;0.5
PIPEVALVE 00002125;4421;0.5
PIPEVALVE 00002126;4424;0.5
PIPEVALVE 00002127;4439;0.5
PIPEVALVE 00002128;4444;0.5
PIPEVALVE 00002129;4445;0.5
PIPEVALVE 00002130;4250;0.5
PIPEVALVE 00002131;4211;0.5
PIPEVALVE 00002132;4212;0.5
PIPEVALVE 00002133;4447;0.5
PIPEVALVE 00002134;4448;0.5
PIPEVALVE 00002848;4138;0.5
PIPEVALVE 00002849;4146;0.5
PIPEVALVE 00002850;4147;0.5
PIPEVALVE 00002851;4153;0.5
PIPEVALVE 00002852;4152;0.5
PIPEVALVE 00002853;4158;0.5
PIPEVALVE 00002854;4159;0.5
PIPEVALVE 00004864;4173;0.5
PIPEVALVE 00004865-A;4527;0.5
PIPEVALVE 00004868;4184;0.5
PIPEVALVE 00004869;4182;0.5
PIPEVALVE 00004870;4186;0.5
PIPEVALVE 00004871;4185;0.5
PIPEVALVE 00004872;4194;0.5
PIPEVALVE 00004873;4196;0.5
PIPEVALVE 00004874;4197;0.5
PIPEVALVE 00004875;4204;0.5
PIPEVALVE 00004876;4209;0.5
PIPEVALVE 00004877;4210;0.5
PIPEVALVE 00004880;4216;0.5
PIPEVALVE 00004881;4215;0.5
PIPEVALVE 00004884;4454;0.5
PIPEVALVE 00004885;4225;0.5
PIPEVALVE 00004886;4230;0.5
PIPEVALVE 00004887;4231;0.5
PIPEVALVE 00004888;4235;0.5
PIPEVALVE 00004889;4237;0.5
PIPEVALVE 00004890;4243;0.5
PIPEVALVE 00004891;4245;0.5
PIPEVALVE 00004892;4246;0.5
PIPEVALVE 00004893;4247;0.5
PIPEVALVE 00004894;4256;0.5
PIPEVALVE 00004895;4257;0.5
PIPEVALVE 00004896;4260;0.5
PIPEVALVE 00004897;4261;0.5
PIPEVALVE 00004898;4266;0.5
PIPEVALVE 00004899;4267;0.5
PIPEVALVE 00004900;4271;0.5
PIPEVALVE 00004901;4270;0.5
PIPEVALVE 00004902;4276;0.5
PIPEVALVE 00004903;4277;0.5
PIPEVALVE 00004904;4286;0.5
PIPEVALVE 00004905;4287;0.5
PIPEVALVE 00004908;4292;0.5
PIPEVALVE 00004909;4291;0.5
PIPEVALVE 00004912;4298;0.5
PIPEVALVE 00004913;4297;0.5
PIPEVALVE 00004914;4302;0.5
PIPEVALVE 00004915;4307;0.5
PIPEVALVE 00004918;4318;0.5
PIPEVALVE 00004919;4319;0.5
PIPEVALVE 00004920;4323;0.5
PIPEVALVE 00004921;4327;0.5
PIPEVALVE 00004926;4331;0.5
PIPEVALVE 00004927;4334;0.5
PIPEVALVE 00004928;4339;0.5
PIPEVALVE 00004929;4340;0.5
PIPEVALVE 00004930;4341;0.5
PIPEVALVE 00004931;4344;0.5
PIPEVALVE 00004936;4357;0.5
PIPEVALVE 00004937;4356;0.5
PIPEVALVE 00004938;4361;0.5
PIPEVALVE 00004939;4362;0.5
PIPEVALVE 00004940;4501;0.5
PIPEVALVE 00004941;4363;0.5
PIPEVALVE 00004942;4373;0.5
PIPEVALVE 00004943;4379;0.5
PIPEVALVE 00004944;4376;0.5
PIPEVALVE 00004945;4372;0.5
PIPEVALVE 00004946;4382;0.5
PIPEVALVE 00004947;4381;0.5
PIPEVALVE 00004949;4389;0.5
PIPEVALVE 00004950;4390;0.5
PIPEVALVE 00004951;4392;0.5
PIPEVALVE 00004952;4394;0.5
PIPEVALVE 00004953;4399;0.5
PIPEVALVE 00004954;4400;0.5
PIPEVALVE 00004955;4414;0.5
PIPEVALVE 00004956;4416;0.5
PIPEVALVE 00004957;4419;0.5
PIPEVALVE 00004958;4409;0.5
PIPEVALVE 00004959;4421;0.5
PIPEVALVE 00004960;4424;0.5
PIPEVALVE 00004961;4439;0.5
PIPEVALVE 00004962;4444;0.5
PIPEVALVE 00004963;4445;0.5
PIPEVALVE 00004964;4250;0.5
PIPEVALVE 00004965;4211;0.5
PIPEVALVE 00004966;4212;0.5
PIPEVALVE 00004967;4447;0.5
PIPEVALVE 00004968;4448;0.5
PIPE447C5B6FAB24BC;4927;0.5
PIPE447C5B6FAB40BD;4636;0.5
PIPE447C5B6FAB5CBE;4629;0.5
PIPE447C5B6FAB78BF;4638;0.5
PIPE447C5B6FAC3DC6;4665;0.5
PIPE447C5B6FAC7CC8;4675;0.5
PIPE447C5B6FACB4CA;4687;0.5
PIPE447C5B6FACD0CB;4957;0.5
PIPE447C5B6FACEDCC;4689;0.5
PIPE447C5B6FAD09CD;4690;0.5
PIPE447C5B6FAD27CE;4691;0.5
PIPE447C5B6FAD44CF;4685;0.5
PIPE447C5B6FADB7D3;4701;0.5
PIPE447C5B6FAE12D5;4705;0.5
PIPE447C5B6FAE31D6;4706;0.5
PIPE447C5B6FAE4FD7;4709;0.5
PIPE447C5B6FAE6CD8;4713;0.5
PIPE447C5B6FAE88D9;4719;0.5
PIPE447C5B6FAEEADB;4667;0.5
PIPE447C5B6FAF07DC;4977;0.5
PIPE447C5B6FAF7BE0;4737;0.5
PIPE447C5B6FAF97E1;4741;0.5
PIPE447C5B6FB010E5;4861;0.5
PIPE447C5B6FB02EE6;4763;0.5
PIPE447C5B6FB04AE7;4764;0.5
PIPE447C5B6FB085E9;4767;0.5
PIPE447C5B6FB0A1EA;4768;0.5
PIPE447C5B6FB0FCED;5007;0.5
PIPE447C5B6FB119EE;5008;0.5
PIPE447C5B6FB136EF;4773;0.5
PIPE447C5B6FB153F0;4774;0.5
PIPE447C5B6FB18CF2;4790;0.5
PIPE447C5B6FB1A9F3;5023;0.5
PIPE447C5B6FB1C5F4;4792;0.5
PIPE447C5B6FB1E2F5;4795;0.5
PIPE447C5B6FB21BF7;4802;0.5
PIPE447C5B6FB238F8;4803;0.5
PIPE447C5B6FB254F9;4812;0.5
PIPE447C5B6FB271FA;4814;0.5
PIPE447C5B6FB28EFB;4810;0.5
PIPE447C5B6FB2ACFC;4819;0.5
PIPE447C5B6FB2C9FD;4828;0.5
PIPE447C5B6FB2E5FE;4829;0.5
PIPE447C5B6FB38F03;4835;0.5
PIPE447C5B6FB3AD04;4834;0.5
PIPE447C5B6FB3CA05;4838;0.5
PIPE447C5B6FB3E706;4842;0.5
PIPE447C5B6FB40407;4844;0.5
PIPE447C5B6FB42108;4843;0.5
PIPE447C5B6FB43E09;4851;0.5
PIPE447C5B6FB45B0A;4864;0.5
PIPE447C5B6FB4780B;4847;0.5
PIPE447C5B6FB4BB0C;4854;0.5
PIPE447C5B6FB4DB0D;4862;0.5
PIPE447C5B6FB4F90E;4859;0.5
PIPE447C5B6FB5160F;4855;0.5
PIPE447C5B6FB55510;4872;0.5
PIPE447C5B6FB57D11;4869;0.5
PIPE447C5B6FB5A512;4879;0.5
PIPE447C5B6FB5C913;4882;0.5
PIPE447C5B6FB5F514;4883;0.5
PIPE447C5B6FB62615;4884;0.5
PIPE447C5B6FB64B16;4892;0.5
PIPE447C5B6FB66F17;4889;0.5
PIPE447C5B6FB69B18;4887;0.5
PIPE447C5B6FB6C119;4888;0.5
PIPE447C5B6FB6E31A;4903;0.5
PIPE447C5B6FB70E1B;4899;0.5
PIPE447C5B6FB74E1C;5021;0.5
PIPE447C5B6FB76C1D;5022;0.5
PIPE447C5B6FB78A1E;4909;0.5
PIPE447C5B6FB7A71F;4912;0.5
PIPE447C5B6FB7E121;4915;0.5
PIPE447C5B6FB7FF22;4788;0.5
PIPE447C5B6FB81C23;4921;0.5
PIPE447C5B6FB83924;4920;0.5
PIPE447C5B6FB85625;4923;0.5
PIPE447C5B6FB87426;4917;0.5
PIPEVALVE 00000001;5128;0.5
PIPEVALVE 00000002;5129;0.5
PIPEVALVE 00000003;5136;0.5
PIPEVALVE 00000004;5133;0.5
PIPEVALVE 00000005;5138;0.5
PIPEVALVE 00000006;5139;0.5
PIPEVALVE 00000007;5146;0.5
PIPEVALVE 00000008;5147;0.5
PIPEVALVE 00000009;5152;0.5
PIPEVALVE 00000010;5153;0.5
PIPEVALVE 00000011;5160;0.5
PIPEVALVE 00000012;5161;0.5
PIPEVALVE 00000013;5165;0.5
PIPEVALVE 00000015-A;5169;0.5
PIPEVALVE 00000016-A;5170;0.5
PIPEVALVE 00000017-A;5174;0.5
PIPEVALVE 00000018-A;5173;0.5
PIPEVALVE 00000021;5184;0.5
PIPEVALVE 00000022;5183;0.5
PIPEVALVE 00000023;5189;0.5
PIPEVALVE 00000024;5188;0.5
PIPEVALVE 00000025;5197;0.5
PIPEVALVE 00000026;5195;0.5
PIPEVALVE 00000027;5200;0.5
PIPEVALVE 00000028;5204;0.5
PIPEVALVE 00000029;6100;0.5
PIPEVALVE 00000030;6101;0.5
PIPEVALVE 00000031;5205;0.5
PIPEVALVE 00000032;5206;0.5
PIPEVALVE 00000037;5221;0.5
PIPEVALVE 00000038;5220;0.5
PIPEVALVE 00000039;5225;0.5
PIPEVALVE 00000040;5226;0.5
PIPEVALVE 00000041;5235;0.5
PIPEVALVE 00000042;5230;0.5
PIPEVALVE 00000043;5229;0.5
PIPEVALVE 00000044;5236;0.5
PIPEVALVE 00000045;5238;0.5
PIPEVALVE 00000046;5237;0.5
PIPEVALVE 00000047;5241;0.5
PIPEVALVE 00000048;5242;0.5
PIPEVALVE 00000049;5233;0.5
PIPEVALVE 00000050;5234;0.5
PIPEVALVE 00000051;5249;0.5
PIPEVALVE 00000052;5207;0.5
PIPEVALVE 00000053;5251;0.5
PIPEVALVE 00000054;5179;0.5
PIPEVALVE 00000055;5254;0.5
PIPEVALVE 00000056;5256;0.5
PIPEVALVE 00000057;5208;0.5
PIPEVALVE 00000058;5209;0.5
PIPEVALVE 00000059;5264;0.5
PIPEVALVE 00000060;5266;0.5
PIPEVALVE 00000061;5267;0.5
PIPEVALVE 00000062;5212;0.5
PIPEVALVE 00000063;5272;0.5
PIPEVALVE 00000064;5271;0.5
PIPEVALVE 00000065;5214;0.5
PIPEVALVE 00000066;5276;0.5
PIPEVALVE 00000067;5281;0.5
PIPEVALVE 00000068;5282;0.5
PIPEVALVE 00000071;5283;0.5
PIPEVALVE 00000072;5246;0.5
PIPEVALVE 00000073;5286;0.5
PIPEVALVE 00000074;5285;0.5
PIPEVALVE 00000075;5292;0.5
PIPEVALVE 00000076;5289;0.5
PIPEVALVE 00000077;5295;0.5
PIPEVALVE 00000078;5296;0.5
PIPEVALVE 00000079;5299;0.5
PIPEVALVE 00000080;5300;0.5
PIPEVALVE 00000081;5304;0.5
PIPEVALVE 00000082;5306;0.5
PIPEVALVE 00000083;5309;0.5
PIPEVALVE 00000084;5310;0.5
PIPEVALVE 00000085;5315;0.5
PIPEVALVE 00000086;5314;0.5
PIPEVALVE 00000087;5312;0.5
PIPEVALVE 00000088;5324;0.5
PIPEVALVE 00000089;5325;0.5
PIPEVALVE 00000090;5334;0.5
PIPEVALVE 00000091;5335;0.5
PIPEVALVE 00000095;5330;0.5
PIPEVALVE 00000098;5338;0.5
PIPEVALVE 00000099;5341;0.5
PIPEVALVE 00000100;5342;0.5
PIPEVALVE 00000101;5343;0.5
PIPEVALVE 00000102;5348;0.5
PIPEVALVE 00000103;5351;0.5
PIPEVALVE 00000104;5356;0.5
PIPEVALVE 00000105;5357;0.5
PIPEVALVE 00000106;5362;0.5
PIPEVALVE 00000107;5363;0.5
PIPEVALVE 00000108;5368;0.5
PIPEVALVE 00000109;5369;0.5
PIPEVALVE 00000116;5386;0.5
PIPEVALVE 00000117;5385;0.5
PIPEVALVE 00000118;5390;0.5
PIPEVALVE 00000119;5391;0.5
PIPEVALVE 00000120;5396;0.5
PIPEVALVE 00000121;5366;0.5
PIPEVALVE 00000122;6184;0.5
PIPEVALVE 00000123;5420;0.5
PIPEVALVE 00000124;5447;0.5
PIPEVALVE 00000125;5398;0.5
PIPEVALVE 00000126-A;5399;0.5
PIPEVALVE 00000127-A;5406;0.5
PIPEVALVE 00000128-A;5403;0.5
PIPEVALVE 00000129-A;5410;0.5
PIPEVALVE 00000130-A;5413;0.5
PIPEVALVE 00000131-A;5418;0.5
PIPEVALVE 00000132-A;5419;0.5
PIPEVALVE 00000133-A;5424;0.5
PIPEVALVE 00000135-A;5429;0.5
PIPEVALVE 00000136-A;5428;0.5
PIPEVALVE 00000137-A;5347;0.5
PIPEVALVE 00000138-A;5346;0.5
PIPEVALVE 00000143;5442;0.5
PIPEVALVE 00000144;5441;0.5
PIPEVALVE 00000145;5373;0.5
PIPEVALVE 00000146;5372;0.5
PIPEVALVE 00000149;5453;0.5
PIPEVALVE 00000150;5454;0.5
PIPEVALVE 00000151;5452;0.5
PIPEVALVE 00000152;6198;0.5
PIPEVALVE 00000153;5455;0.5
PIPEVALVE 00000154;5456;0.5
PIPEVALVE 00000155;5461;0.5
PIPEVALVE 00000156;5460;0.5
PIPEVALVE 00000158;5464;0.5
PIPEVALVE 00000159;5465;0.5
PIPEVALVE 00000160;5468;0.5
PIPEVALVE 00000163;5473;0.5
PIPEVALVE 00000164;5476;0.5
PIPEVALVE 00000165;5477;0.5
PIPEVALVE 00000166;5478;0.5
PIPEVALVE 00000167;5481;0.5
PIPEVALVE 00000168;5482;0.5
PIPEVALVE 00000169;5487;0.5
PIPEVALVE 00000170;5486;0.5
PIPEVALVE 00000171;5395;0.5
PIPEVALVE 00000172;5493;0.5
PIPEVALVE 00000173;5494;0.5
PIPEVALVE 00000174;5495;0.5
PIPEVALVE 00000175;5378;0.5
PIPEVALVE 00000176;5499;0.5
PIPEVALVE 00000177;5504;0.5
PIPEVALVE 00000178;5505;0.5
PIPEVALVE 00000179;5510;0.5
PIPEVALVE 00000180;5509;0.5
PIPEVALVE 00000181;5514;0.5
PIPEVALVE 00000182;5515;0.5
PIPEVALVE 00000183;5519;0.5
PIPEVALVE 00000184;5521;0.5
PIPEVALVE 00000185;5524;0.5
PIPEVALVE 00000186;5525;0.5
PIPEVALVE 00000187;5526;0.5
PIPEVALVE 00000201;5527;0.5
PIPEVALVE 00000202;5528;0.5
PIPEVALVE 00000203;6221;0.5
PIPEVALVE 00000204;5530;0.5
PIPEVALVE 00000207;5537;0.5
PIPEVALVE 00000208;5538;0.5
PIPEVALVE 00000209;5539;0.5
PIPEVALVE 00000210;5542;0.5
PIPEVALVE 00000211;5544;0.5
PIPEVALVE 00000212;5543;0.5
PIPEVALVE 00000213;5553;0.5
PIPEVALVE 00000214;5552;0.5
PIPEVALVE 00000215;5414;0.5
PIPEVALVE 00000216;5415;0.5
PIPEVALVE 00000217;5608;0.5
PIPEVALVE 00000218;5607;0.5
PIPEVALVE 00000219;5631;0.5
PIPEVALVE 00000220;5632;0.5
PIPEVALVE 00000221;5633;0.5
PIPEVALVE 00000222;5562;0.5
PIPEVALVE 00000223;7921;0.5
PIPEVALVE 00000224;5557;0.5
PIPEVALVE 00000225;5637;0.5
PIPEVALVE 00000226;5640;0.5
PIPEVALVE 00000227;5617;0.5
PIPEVALVE 00000228;5618;0.5
PIPEVALVE 00000229;5643;0.5
PIPEVALVE 00000230;5619;0.5
PIPEVALVE 00000231;5645;0.5
PIPEVALVE 00000232;6234;0.5
PIPEVALVE 00000233;5647;0.5
PIPEVALVE 00000234;5613;0.5
PIPEVALVE 00000235;6237;0.5
PIPEVALVE 00000236;5650;0.5
PIPEVALVE 00000237;5651;0.5
PIPEVALVE 00000238;5652;0.5
PIPEVALVE 00000239;5652;0.5
PIPEVALVE 00000240;5651;0.5
PIPEVALVE 00000241;5655;0.5
PIPEVALVE 00000242;5625;0.5
PIPEVALVE 00000243;5657;0.5
PIPEVALVE 00000244;5658;0.5
PIPEVALVE 00000245;5603;0.5
PIPEVALVE 00000246;5660;0.5
PIPEVALVE 00000247;5661;0.5
PIPEVALVE 00000248;5662;0.5
PIPEVALVE 00000249;5663;0.5
PIPEVALVE 00000250;5602;0.5
PIPEVALVE 00000251;5665;0.5
PIPEVALVE 00000252;5666;0.5
PIPEVALVE 00000253;5580;0.5
PIPEVALVE 00000254;5670;0.5
PIPEVALVE 00000255;5671;0.5
PIPEVALVE 00000256;5592;0.5
PIPEVALVE 00000257;5673;0.5
PIPEVALVE 00000258;5589;0.5
PIPEVALVE 00000259;5675;0.5
PIPEVALVE 00000260;5676;0.5
PIPEVALVE 00000261;5680;0.5
PIPEVALVE 00000262;5681;0.5
PIPEVALVE 00000266;5687;0.5
PIPEVALVE 00000267;5689;0.5
PIPEVALVE 00000268;5588;0.5
PIPEVALVE 00000269;5693;0.5
PIPEVALVE 00000270;5694;0.5
PIPEVALVE 00000271;5695;0.5
PIPEVALVE 00000272;6257;0.5
PIPEVALVE 00000273;5697;0.5
PIPEVALVE 00000274;5583;0.5
PIPEVALVE 00000275;5584;0.5
PIPEVALVE 00000276;5700;0.5
PIPEVALVE 00000277;5701;0.5
PIPEVALVE 00000278;5702;0.5
PIPEVALVE 00000279;5703;0.5
PIPEVALVE 00000280;5752;0.5
PIPEVALVE 00000281;5753;0.5
PIPEVALVE 00000282;5756;0.5
PIPEVALVE 00000283;5757;0.5
PIPEVALVE 00000284;5763;0.5
PIPEVALVE 00000285;5761;0.5
PIPEVALVE 00000286;5764;0.5
PIPEVALVE 00000287;5745;0.5
PIPEVALVE 00000288;5766;0.5
PIPEVALVE 00000289;5742;0.5
PIPEVALVE 00000290;5750;0.5
PIPEVALVE 00000291;5751;0.5
PIPEVALVE 00000292;5770;0.5
PIPEVALVE 00000293;5708;0.5
PIPEVALVE 00000294;6280;0.5
PIPEVALVE 00000295;5773;0.5
PIPEVALVE 00000296;5774;0.5
PIPEVALVE 00000297;5775;0.5
PIPEVALVE 00000298;5713;0.5
PIPEVALVE 00000299;5712;0.5
PIPEVALVE 00000300;5780;0.5
PIPEVALVE 00000301;5781;0.5
PIPEVALVE 00000302;6287;0.5
PIPEVALVE 00000303;5785;0.5
PIPEVALVE 00000306;5798;0.5
PIPEVALVE 00000307;5799;0.5
PIPEVALVE 00000308;5801;0.5
PIPEVALVE 00000309;5803;0.5
PIPEVALVE 00000310;5808;0.5
PIPEVALVE 00000311;5809;0.5
PIPEVALVE 00000312;5810;0.5
PIPEVALVE 00000313;5811;0.5
PIPEVALVE 00000314;5814;0.5
PIPEVALVE 00000315;5813;0.5
PIPEVALVE 00000316;5820;0.5
PIPEVALVE 00000317;5821;0.5
PIPEVALVE 00000318;5828;0.5
PIPEVALVE 00000319;5829;0.5
PIPEVALVE 00000320;5834;0.5
PIPEVALVE 00000321;5823;0.5
PIPEVALVE 00000322;5840;0.5
PIPEVALVE 00000323;5841;0.5
PIPEVALVE 00000324;5843;0.5
PIPEVALVE 00000325;5847;0.5
PIPEVALVE 00000326;5848;0.5
PIPEVALVE 00000327;5849;0.5
PIPEVALVE 00000328;5853;0.5
PIPEVALVE 00000329;5855;0.5
PIPEVALVE 00000332;5860;0.5
PIPEVALVE 00000333;5861;0.5
PIPEVALVE 00000334;5866;0.5
PIPEVALVE 00000335;5867;0.5
PIPEVALVE 00000336;5869;0.5
PIPEVALVE 00000337;5873;0.5
PIPEVALVE 00000338;5875;0.5
PIPEVALVE 00000339;5874;0.5
PIPEVALVE 00000342;5885;0.5
PIPEVALVE 00000343;5884;0.5
PIPEVALVE 00000344;5892;0.5
PIPEVALVE 00000345;5597;0.5
PIPEVALVE 00000346;5882;0.5
PIPEVALVE 00000347;5897;0.5
PIPEVALVE 00000348;5900;0.5
PIPEVALVE 00000349;5901;0.5
PIPEVALVE 00000350;5902;0.5
PIPEVALVE 00000351;5905;0.5
PIPEVALVE 00000352;5906;0.5
PIPEVALVE 00000353;5907;0.5
PIPEVALVE 00000354;5908;0.5
PIPEVALVE 00000355;5915;0.5
PIPEVALVE 00000356;5916;0.5
PIPEVALVE 00000357;5917;0.5
PIPEVALVE 00000358;5793;0.5
PIPEVALVE 00000359;5921;0.5
PIPEVALVE 00000360;5922;0.5
PIPEVALVE 00000361;5923;0.5
PIPEVALVE 00000362;5720;0.5
PIPEVALVE 00000363;5925;0.5
PIPEVALVE 00000366;5928;0.5
PIPEVALVE 00000367;5714;0.5
PIPEVALVE 00000368;5930;0.5
PIPEVALVE 00000369;5931;0.5
PIPEVALVE 00000370;5566;0.5
PIPEVALVE 00000371;5567;0.5
PIPEVALVE 00000372;5740;0.5
PIPEVALVE 00000373;5935;0.5
PIPEVALVE 00000374;5937;0.5
PIPEVALVE 00000375;5936;0.5
PIPEVALVE 00000376-A;5940;0.5
PIPEVALVE 00000377-A;5941;0.5
PIPEVALVE 00000378-A;5736;0.5
PIPEVALVE 00000379-A;5737;0.5
PIPEVALVE 00000382-A;5946;0.5
PIPEVALVE 00000383-A;5707;0.5
PIPEVALVE 00000384-A;6325;0.5
PIPEVALVE 00000385-A;5949;0.5
PIPEVALVE 00000390-A;5954;0.5
PIPEVALVE 00000391-A;5955;0.5
PIPEVALVE 00000392-A;5951;0.5
PIPEVALVE 00000393-A;5950;0.5
PIPEVALVE 00000394-A;5960;0.5
PIPEVALVE 00000395-A;5961;0.5
PIPEVALVE 00000396-A;5964;0.5
PIPEVALVE 00000397-A;5965;0.5
PIPEVALVE 00000398-A;5968;0.5
PIPEVALVE 00000399-A;5969;0.5
PIPEVALVE 00000402-A;5974;0.5
PIPEVALVE 00000403-A;5977;0.5
PIPEVALVE 00000404-A;5978;0.5
PIPEVALVE 00000405-A;5979;0.5
PIPEVALVE 00000406-A;5980;0.5
PIPEVALVE 00000407-A;5735;0.5
PIPEVALVE 00000408-A;5982;0.5
PIPEVALVE 00000409-A;5983;0.5
PIPEVALVE 00000414-A;6000;0.5
PIPEVALVE 00000415-A;5990;0.5
PIPEVALVE 00000416-A;6006;0.5
PIPEVALVE 00000417-A;6009;0.5
PIPEVALVE 00000418-A;6010;0.5
PIPEVALVE 00000419-A;6011;0.5
PIPEVALVE 00000420-A;6015;0.5
PIPEVALVE 00000421-A;6014;0.5
PIPEVALVE 00000422-A;6019;0.5
PIPEVALVE 00000423-A;6021;0.5
PIPEVALVE 00000424-A;6024;0.5
PIPEVALVE 00000425-A;6025;0.5
PIPEVALVE 00000426-A;5795;0.5
PIPEVALVE 00000427-A;5794;0.5
PIPEVALVE 00000428-A;6030;0.5
PIPEVALVE 00000429-A;5996;0.5
PIPEVALVE 00000434-A;6036;0.5
PIPEVALVE 00000435-A;6037;0.5
PIPEVALVE 00000436-A;6370;0.5
PIPEVALVE 00000437-A;6038;0.5
PIPEVALVE 00000438-A;6043;0.5
PIPEVALVE 00000439-A;6042;0.5
PIPEVALVE 00000440-A;6050;0.5
PIPEVALVE 00000441-A;6047;0.5
PIPEVALVE 00000442-A;6054;0.5
PIPEVALVE 00000443-A;6057;0.5
PIPEVALVE 00000444-A;6058;0.5
PIPEVALVE 00000445-A;6059;0.5
PIPEVALVE 00000446-A;6063;0.5
PIPEVALVE 00000447-A;6062;0.5
PIPEVALVE 00000448-A;6067;0.5
PIPEVALVE 00000449-A;6069;0.5
PIPEVALVE 00000450-A;6076;0.5
PIPEVALVE 00000451-A;6077;0.5
PIPEVALVE 00000452-A;6082;0.5
PIPEVALVE 00000453-A;6083;0.5
PIPEVALVE 00000454-A;6085;0.5
PIPEVALVE 00000455-A;6087;0.5
PIPEVALVE 00000456-A;6093;0.5
PIPEVALVE 00000457-A;6092;0.5
PIPEVALVE 00000458;6096;0.5
PIPEVALVE 00000459;6097;0.5
PIPEVALVE 00000460-A;6106;0.5
PIPEVALVE 00000461-A;6105;0.5
PIPEVALVE 00000462-A;6110;0.5
PIPEVALVE 00000463-A;6111;0.5
PIPEVALVE 00000467-A;6117;0.5
PIPEVALVE 00000468-A;6118;0.5
PIPEVALVE 00000472;6125;0.5
PIPEVALVE 00000028-A;6493;0.5
PIPEVALVE 00000029-A;6492;0.5
PIPEVALVE 00000030-A;6502;0.5
PIPEVALVE 00000031-A;6503;0.5
PIPEVALVE 00000032-A;6506;0.5
PIPEVALVE 00000033-A;6507;0.5
PIPEVALVE 00000034-A;6501;0.5
PIPEVALVE 00000035-A;6515;0.5
PIPEVALVE 00000036-A;6536;0.5
PIPEVALVE 00000037-A;6537;0.5
PIPEVALVE 00000038-A;6538;0.5
PIPEVALVE 00000039-A;6957;0.5
PIPEVALVE 00000040-A;6542;0.5
PIPEVALVE 00000041-A;6543;0.5
PIPEVALVE 00000042-A;6546;0.5
PIPEVALVE 00000043-A;6541;0.5
PIPEVALVE 00000044-A;6552;0.5
PIPEVALVE 00000045-A;6551;0.5
PIPEVALVE 00000046-A;6554;0.5
PIPEVALVE 00000047-A;6548;0.5
PIPEVALVE 00000048-A;6558;0.5
PIPEVALVE 00000049-A;6561;0.5
PIPEVALVE 00000050-A;6557;0.5
PIPEVALVE 00000051-A;6556;0.5
PIPEVALVE 00000052-A;6564;0.5
PIPEVALVE 00000053-A;6571;0.5
PIPEVALVE 00000054-A;6567;0.5
PIPEVALVE 00000055-A;6566;0.5
PIPEVALVE 00000056-A;6576;0.5
PIPEVALVE 00000057-A;6577;0.5
PIPEVALVE 00000058-A;6578;0.5
PIPEVALVE 00000059-A;6579;0.5
PIPEVALVE 00000060-A;6584;0.5
PIPEVALVE 00000061-A;6581;0.5
PIPEVALVE 00000062-A;6586;0.5
PIPEVALVE 00000063-A;6587;0.5
PIPEVALVE 00000064-A;6592;0.5
PIPEVALVE 00000065-A;6589;0.5
PIPEVALVE 00000066-A;6594;0.5
PIPEVALVE 00000067-A;6591;0.5
PIPEVALVE 00000068-A;6597;0.5
PIPEVALVE 00000069;6598;0.5
PIPEVALVE 00000070;6596;0.5
PIPEVALVE 00000071-A;6602;0.5
PIPEVALVE 00000072-A;6606;0.5
PIPEVALVE 00000073-A;6607;0.5
PIPEVALVE 00000074-A;6626;0.5
PIPEVALVE 00000075-A;6627;0.5
PIPEVALVE 00000076-A;6628;0.5
PIPEVALVE 00000077-A;6629;0.5
PIPEVALVE 00000078-A;6632;0.5
PIPEVALVE 00000079-A;6633;0.5
PIPEVALVE 00000080-A;6636;0.5
PIPEVALVE 00000081-A;6631;0.5
PIPEVALVE 00000082-A;6642;0.5
PIPEVALVE 00000083-A;6639;0.5
PIPEVALVE 00000084-A;6641;0.5
PIPEVALVE 00000085-A;6645;0.5
PIPEVALVE 00000086-A;6647;0.5
PIPEVALVE 00000087-A;6646;0.5
PIPEVALVE 00000088-A;6652;0.5
PIPEVALVE 00000089-A;6653;0.5
PIPEVALVE 00000090-A;6655;0.5
PIPEVALVE 00000091-A;6659;0.5
PIPEVALVE 00000092-A;6656;0.5
PIPEVALVE 00000093-A;6661;0.5
PIPEVALVE 00000094;6666;0.5
PIPEVALVE 00000095-A;6667;0.5
PIPEVALVE 00000096-A;6668;0.5
PIPEVALVE 00000097-A;6669;0.5
PIPEVALVE 00000098-A;6682;0.5
PIPEVALVE 00000099-A;6683;0.5
PIPEVALVE 00000100-A;7011;0.5
PIPEVALVE 00000101-A;7012;0.5
PIPEVALVE 00000102-A;6699;0.5
PIPEVALVE 00000103-A;6701;0.5
PIPEVALVE 00000104-A;6702;0.5
PIPEVALVE 00000105-A;6703;0.5
PIPEVALVE 00000106-A;6706;0.5
PIPEVALVE 00000107-A;6707;0.5
PIPEVALVE 00000108-A;6712;0.5
PIPEVALVE 00000109-A;6711;0.5
PIPEVALVE 00000110;6716;0.5
PIPEVALVE 00000111;6717;0.5
PIPEVALVE 00000112;6719;0.5
PIPEVALVE 00000113;7015;0.5
PIPEVALVE 00000114;6726;0.5
PIPEVALVE 00000115;6727;0.5
PIPEVALVE 00000116-A;6729;0.5
PIPEVALVE 00000117-A;6731;0.5
PIPEVALVE 00000118-A;6733;0.5
PIPEVALVE 00000119-A;6732;0.5
PIPEVALVE 00000120-A;6742;0.5
PIPEVALVE 00000121-A;6743;0.5
PIPEVALVE 00000124-A;6746;0.5
PIPEVALVE 00000125-A;6747;0.5
PIPEVALVE 00000126-B;6756;0.5
PIPEVALVE 00000127-B;6671;0.5
PIPEVALVE 00000128-B;6753;0.5
PIPEVALVE 00000129-B;6759;0.5
PIPEVALVE 00000132-B;6773;0.5
PIPEVALVE 00000133-B;6775;0.5
PIPEVALVE 00000134-B;6778;0.5
PIPEVALVE 00000135-B;6779;0.5
PIPEVALVE 00000136-B;6784;0.5
PIPEVALVE 00000137-B;6783;0.5
PIPEVALVE 00000138-B;6780;0.5
PIPEVALVE 00000139-A;6781;0.5
PIPEVALVE 00000140-A;6788;0.5
PIPEVALVE 00000141-A;6789;0.5
PIPEVALVE 00000142;6793;0.5
PIPEVALVE 00000143-A;6795;0.5
PIPEVALVE 00000144-A;6800;0.5
PIPEVALVE 00000145-A;6803;0.5
PIPEVALVE 00000146-A;6805;0.5
PIPEVALVE 00000147-A;6804;0.5
PIPEVALVE 00000148-A;6809;0.5
PIPEVALVE 00000149-A;6748;0.5
PIPEVALVE 00000150-A;6823;0.5
PIPEVALVE 00000151-A;6822;0.5
PIPEVALVE 00000152-A;6827;0.5
PIPEVALVE 00000153-A;6828;0.5
PIPEVALVE 00000154-A;6830;0.5
PIPEVALVE 00000155-A;6832;0.5
PIPEVALVE 00000156-A;6834;0.5
PIPEVALVE 00000157-A;6833;0.5
PIPEVALVE 00000158-A;6842;0.5
PIPEVALVE 00000159-A;6844;0.5
PIPEVALVE 00000160-A;6847;0.5
PIPEVALVE 00000161-A;6848;0.5
PIPEVALVE 00000162-A;6850;0.5
PIPEVALVE 00000163-A;6852;0.5
PIPEVALVE 00000167-A;6860;0.5
PIPEVALVE 00000195;6891;0.5
PIPEVALVE 00000196;6894;0.5
PIPEVALVE 00000201-A;6904;0.5
PIPEVALVE 00000202-A;6906;0.5
PIPEVALVE 00000205;6912;0.5
PIPEVALVE 00000206;6914;0.5
PIPEVALVE 00000209-A;6920;0.5
PIPEVALVE 00000210-A;6919;0.5
PIPEVALVE 00000213-A;6931;0.5
PIPEVALVE 00000214-A;6934;0.5
PIPE4E2567382FAB0029;5122;0.5
PIPE4E25673BC55A002A;5123;0.5
STS000C314FB3BC12EB16;7680;0.5
STS000C324FB3BC153AF2;7600;0.5
STS000C2050EC2E59F61C;5059;0.5
STS000D51514872269E8F;7845;0.5
STS000D525148722A4924;7846;0.5
STS000D55514873537DA5;7541;0.5
STS000D5651487357DB3B;7542;0.5
STS000D5A514873F428F3;7962;0.5
STS000A7D5996D2401380;5067;0.5
STS000A7E5996EF9DB651;3804;0.5
