UFM61UM10T001;723
UFM63UM40T005;2641
UFM63UM10T005;2644
UFM63UM40T006;2649
UFM63UM10T006;2650
UFM63UM10T001;3384
UFM30UM11T101;3596
UFM63UM40T002;3598
UFM63UM20T001;3600
UFM63UM50T001;3601
UFM63UM45T010;3626
UFM63UM15T010;3627
UFM61UM41T001;3656
UFM61UM11T001;3657
UFM33UM10T001;3807
UFM61UM12T005;3930
UFM63UM16T010;4069
UFM63UM11T001;4148
UFM62UM10T020;4287
UFM62UM10T030;4571
UFM34UM10T010;4695
UFM62UM15T010;4849
UFM33UM20T001;7163
UFM30UM50T001;7445
UFM63UM25T001;7891
UFM63UM19T010;7905
UFM62UM45T010;7911
UFM30UM10T104;8053
UFM63UM10T002;8057
UFM30UM10T001;8058
UFM30UM10T103;8061
UFM30UM12T101;8072
UFM30UM14T101;8076
UFM63UM12T015;8164
UFM61UM13T102;8165
UFM61UM13T101;8166
UFM61UM43T102;8167
UFM61UM43T101;8168
UFM62UM40T020;8169
UFM63UM15T001;8201
UFM63UM45T001;8202
