UFM61UM10S015;8149
UFM61UM40S015;8150
UFM61UM11S010;8151
UFM61UM41S010;8152
UFM61UM10S010;8153
UFM61UM40S010;8154
UFM62UM10S010;8155
UFM62UM40S010;8156
UFM62UM45S020;8157
UFM62UM15S020;8158
UFM61UM43S010;8159
UFM61UM13S010;8160
UFM61UM10S020;8161
UFM61UM40S020;8162
UFM63UM10S010;8163
UFM63UM40S010;8164
UFM63UM10S011;8165
UFM63UM40S011;8166
UFM63UM41S010;8167
UFM63UM11S010;8168
UFM63UM10S012;8169
UFM63UM40S012;8170
UFM63UM12S010;8171
UFM63UM42S010;8172
UFM63UM11S020;8173
UFM63UM41S020;8174
UFM63UM12S020;8175
UFM63UM42S020;8176
UFM63UM49S010;8177
UFM63UM19S010;8178
UFM63UM18S010;8179
UFM63UM48S010;8180
UFM63UM19S020;8181
UFM63UM49S020;8182
UFM61UM45S020;8183
UFM61UM15S020;8184
UFM63UM10S013;8185
UFM63UM40S013;8186
UFM63UM10S014;8187
UFM63UM40S014;8188
UFM61UM45S205;8189
UFM61UM15S205;8190
UFM61UM15S010;8191
UFM61UM45S010;8192
UFM61UM14S010;8193
UFM61UM13S030;8194
UFM61UM43S030;8195
UFM61UM14S020;8196
UFM61UM10S025;8197
UFM61UM40S025;8198
UFM61UM10S030;8199
UFM61UM40S030;8200
UFM33UM10S001;8201
UFM33UM10S002;8202
UFM33UM40S004;8203
UFM33UM40S003;8204
UFM61UM20S010;8205
UFM61UM50S010;8206
UFM61UM20S020;8207
UFM61UM50S020;8208
UFM63UM10S030;8209
UFM63UM40S030;8210
UFM63UM15S010;8211
UFM63UM45S010;8212
UFM61UM20S030;8213
UFM61UM50S030;8214
UFM63UM16S020;8215
UFM63UM46S020;8216
UFM61UM21S010;8217
UFM61UM51S010;8218
UFM63UM15S020;8219
UFM63UM45S020;8220
UFM63UM40S040;8221
UFM63UM10S040;8222
UFM30UM50S010;8223
UFM30UM10S010;8224
UFM63UM20S010;8225
UFM63UM50S010;8226
UFM61UM13S020;8236
UFM61UM43S020;8237
UFM62UM10S020;8238
UFM62UM40S020;8239
UFM63UM15S031;8240
UFM63UM15S030;8250
